ID,Source,DOI,Authors,Title,Year,Journal,first_author,short_title,key
326,PubMed/MEDLINE,,"Laoruengthana A, Pattayakorn S, Chotanaputhi T, Kosiyatrakul A.","Clinical comparison between six-strand hamstring tendon and patellar tendon autograft in arthroscopic anterior cruciate ligament reconstruction: a prospective, randomized clinical trial",2009,J Med Assoc Thai,Laoruengthana,clinicalcomparisonbetweensixstrandhamstringtendonandpatellartendonautograftinarthroscopicanteriorcruciateligamentreconstruction:aprospectiverandomizedclinicaltrial,
380,PubMed/MEDLINE,,"Boonriong T, Kietsiriroje N.",Arthroscopically assisted anterior cruciate ligament reconstruction: comparison of bone-patellar tendon-bone versus hamstring tendon autograft,2004,J Med Assoc Thai,Boonriong,arthroscopicallyassistedanteriorcruciateligamentreconstruction:comparisonofbonepatellartendonboneversushamstringtendonautograft,
381,PubMed/MEDLINE,,"Aglietti P, Giron F, Buzzi R, Biddau F, Sasso F.","Anterior cruciate ligament reconstruction: bone-patellar tendon-bone compared with double semitendinosus and gracilis tendon grafts. A prospective, randomized clinical trial",2004,J Bone Joint Surg Am,Aglietti,anteriorcruciateligamentreconstruction:bonepatellartendonbonecomparedwithdoublesemitendinosusandgracilistendongraftsaprospectiverandomizedclinicaltrial,
395,PubMed/MEDLINE,,"Katabi M, Djian P, Christel P.",[Anterior cruciate ligament reconstruction: patellar tendon autograft versus four-strand hamstring tendon autografts. A comparative study at one year follow-up],2002,Rev Chir Orthop Reparatrice Appar Mot,Katabi,anteriorcruciateligamentreconstruction:patellartendonautograftversusfourstrandhamstringtendonautograftsacomparativestudyatoneyearfollowup,
404,PubMed/MEDLINE,,"Eriksson K, Anderberg P, Hamberg P, Olerud P, Wredmark T.",There are differences in early morbidity after ACL reconstruction when comparing patellar tendon and semitendinosus tendon graft. A prospective randomized study of 107 patients,2001,Scand J Med Sci Sports,Eriksson,therearedifferencesinearlymorbidityafteraclreconstructionwhencomparingpatellartendonandsemitendinosustendongraftaprospectiverandomizedstudyof107patients,
430,PubMed/MEDLINE,,"García-Linage R, Lassard-Rosenthal J, Noval-García R, Muñiz-Madrazo A, Fraind-Maya G, Palmero-Picazo J, German-Córdoba I, Zimbrón-López D.",[Autologous hamstring versus quadriceps graft in anterior cruciate ligament plasty. Comparative study with focus on Return-To-Sport],2025,Acta Ortop Mex,García-Linage,autologoushamstringversusquadricepsgraftinanteriorcruciateligamentplastycomparativestudywithfocusonreturntosport,
480,PubMed/MEDLINE,,"Acquitter Y, Hulet C, Locker B, Delbarre JC, Jambou S, Vielpeau C.",[Patellar tendon-bone autograft reconstruction of the anterior cruciate ligament for advanced-stage chronic anterior laxity: is an extra-articular plasty necessary? A prospective randomized study of 100 patients with five year follow-up],2003,Rev Chir Orthop Reparatrice Appar Mot,Acquitter,patellartendonboneautograftreconstructionoftheanteriorcruciateligamentforadvancedstagechronicanteriorlaxity:isanextraarticularplastynecessary?aprospectiverandomizedstudyof100patientswithfiveyearfollowup,
590,Embase,,"Laoruengthana A., Pattayakorn S., Chotanaputhi T., Kosiyatrakul A.","Clinical comparison between six-strand hamstring tendon and patellar tendon autograft in arthroscopic anterior cruciate ligament reconstruction: A prospective, randomized clinical trial",2009,Journal of the Medical Association of Thailand,Laoruengthana,clinicalcomparisonbetweensixstrandhamstringtendonandpatellartendonautograftinarthroscopicanteriorcruciateligamentreconstruction:aprospectiverandomizedclinicaltrial,
612,Embase,,"Acquitter Y., Hulet C., Locker B., Delbarre J.-C., Jambou S., Vielpeau C.",Patellar tendon-bone autograft reconstruction of the anterior cruciate ligament for advanced-stage chronic anterior laxity: Is an extra-articular plasty necessary? A prospective randomized study of 100 patients with five year follow-up,2003,Revue de Chirurgie Orthopedique et Reparatrice de l'Appareil Moteur,Acquitter,patellartendonboneautograftreconstructionoftheanteriorcruciateligamentforadvancedstagechronicanteriorlaxity:isanextraarticularplastynecessary?aprospectiverandomizedstudyof100patientswithfiveyearfollowup,
625,Embase,,"Eriksson K., Anderberg P., Hamberg P., Olerud P., Wredmark T.",There are differences in early morbidity after ACL reconstruction when comparing patellar tendon and semitendinosus tendon graft. A prospective randomized study of 107 patients.,2001,Scandinavian journal of medicine & science in sports,Eriksson,therearedifferencesinearlymorbidityafteraclreconstructionwhencomparingpatellartendonandsemitendinosustendongraftaprospectiverandomizedstudyof107patients,
670,Embase,,,Combined Intra- and Extra-articular ACL Reconstruction Versus Isolated Intra-articular ACL Reconstruction: Prospective Multicenter Randomized Clinical Trial With Hamstring Autograft,2024,clinicaltrials.gov,#VALUE!,combinedintraandextraarticularaclreconstructionversusisolatedintraarticularaclreconstruction:prospectivemulticenterrandomizedclinicaltrialwithhamstringautograft,
685,Embase,,"Lan X., Huang J., Tian F., Wang S., Liu C., Wang J.",Application of 3D-Printed Personalized Guide for Lateral Femoral Positioning in Anterior Cruciate Ligament Reconstruction of the Knee,2023,Alternative therapies in health and medicine,Lan,applicationof3dprintedpersonalizedguideforlateralfemoralpositioninginanteriorcruciateligamentreconstructionoftheknee,
686,Embase,,,Comparison of Infection Rate Between Vancomycin and Gentamycin for Intraoperative Presoaking of Graft in Primary Anterior Cruciate Ligament Reconstruction ( Randomized Controlled Trial ),2023,clinicaltrials.gov,#VALUE!,comparisonofinfectionratebetweenvancomycinandgentamycinforintraoperativepresoakingofgraftinprimaryanteriorcruciateligamentreconstruction(randomizedcontrolledtrial),
690,Embase,,,Comparison of Single-bundle Versus Double-bundle Anterior Cruciate Ligament Reconstruction: Short-term and Long-term Function and Imaging Results,2023,clinicaltrials.gov,#VALUE!,comparisonofsinglebundleversusdoublebundleanteriorcruciateligamentreconstruction:shorttermandlongtermfunctionandimagingresults,
695,Embase,,,Reduced Knee Flexion Strength 18 Years After ACL Reconstruction in Hamstring Group,2023,clinicaltrials.gov,#VALUE!,reducedkneeflexionstrength18yearsafteraclreconstructioninhamstringgroup,
696,Embase,,"Meena V.K., Lakhotia D., Nama K.G., Joshi S.",To Compare the Functional Outcome of Arthroscopic Reconstruction of Anterior Cruciate Ligament Using Patellar Tendon Bone Grafts v/s Hamstrings Graft: A Multicentric Study,2023,International Journal of Life Sciences Biotechnology and Pharma Research,Meena,tocomparethefunctionaloutcomeofarthroscopicreconstructionofanteriorcruciateligamentusingpatellartendonbonegraftsv/shamstringsgraft:amulticentricstudy,
702,Embase,,,Anterior Cruciate Ligament Reconstruction With Quadriceps Tendon Bone Autograft,2023,clinicaltrials.gov,#VALUE!,anteriorcruciateligamentreconstructionwithquadricepstendonboneautograft,
710,Embase,,,All-Inside Single-Bundle for ACL Reconstruction With Full Thickness of the Peroneus Longus Tendon Compared to the Six-strand-hamstring Autograft,2022,clinicaltrials.gov,#VALUE!,allinsidesinglebundleforaclreconstructionwithfullthicknessoftheperoneuslongustendoncomparedtothesixstrandhamstringautograft,
717,Embase,,,Optimizing GRAft SElection for ACL Reconstruction (GRASE-ACL Trial) - a Three-armed Randomized Controlled Trial,2022,clinicaltrials.gov,#VALUE!,optimizinggraftselectionforaclreconstruction(graseacltrial)athreearmedrandomizedcontrolledtrial,
718,Embase,,,The Effect of Accelerated Rehabilitation After Anterior Cruciate Ligament Reconstruction With and Without Suture Tape Reinforcement,2022,clinicaltrials.gov,#VALUE!,theeffectofacceleratedrehabilitationafteranteriorcruciateligamentreconstructionwithandwithoutsuturetapereinforcement,
721,Embase,,"Kasl J., Zeman P., Pavelka T., Cibulková J., Pilný J., Matějka J.",Clinical Outcomes of the Application of Platelet-Rich Fibrin during Anatomic Anterior Cruciate Ligament Reconstruction: Results of Prospective Randomised Study,2022,Acta Chirurgiae Orthopaedicae et Traumatologiae Cechoslovaca,Kasl,clinicaloutcomesoftheapplicationofplateletrichfibrinduringanatomicanteriorcruciateligamentreconstruction:resultsofprospectiverandomisedstudy,
733,Embase,,,Subjective Outcomes After ACL Reconstruction With BQT Autograft,2021,clinicaltrials.gov,#VALUE!,subjectiveoutcomesafteraclreconstructionwithbqtautograft,
748,Embase,,,Effects of Blood Flow Restriction Rehabilitation After Bone Patellar Tendon Bone Anterior Cruciate Ligament Reconstruction,2020,clinicaltrials.gov,#VALUE!,effectsofbloodflowrestrictionrehabilitationafterbonepatellartendonboneanteriorcruciateligamentreconstruction,
750,Embase,,"Rajput I.M., Ali M., Siddiqui A.A., Sahito B., Doltani D.K., Khaskheli J.H.",To compare the functional outcome of the Patellar Tendon and hamstring tendon autograft for anterior cruciate ligament reconstruction in males,2020,Pakistan Journal of Medical and Health Sciences,Rajput,tocomparethefunctionaloutcomeofthepatellartendonandhamstringtendonautograftforanteriorcruciateligamentreconstructioninmales,
758,Embase,,,Postoperative ERIS Knee Splinting Following ACLR: A Randomized Clinical Trial,2020,clinicaltrials.gov,#VALUE!,postoperativeeriskneesplintingfollowingaclr:arandomizedclinicaltrial,
764,Embase,,,Functional Outcome Comparison of Implant-Free Bone-Patellar Tendon Autografts Using Press-Fit Fixation Technique and Hamstring Autografts Using Implant in Arthroscopic Anterior Cruciate Ligament Reconstruction: A Prospective Study,2019,clinicaltrials.gov,#VALUE!,functionaloutcomecomparisonofimplantfreebonepatellartendonautograftsusingpressfitfixationtechniqueandhamstringautograftsusingimplantinarthroscopicanteriorcruciateligamentreconstruction:aprospectivestudy,
812,Embase,,"Joshi A., Kayasth N., Shrestha S., Kc B.R.",Infra Patellar Branch of Saphenous Nerve Injury during Hamstring Graft Harvest: Vertical versus Oblique Incisions,2016,Journal of Nepal Health Research Council,Joshi,infrapatellarbranchofsaphenousnerveinjuryduringhamstringgraft harvest:verticalversusobliqueincisions,
843,Embase,,"Barenius B., Ponzer S., Shalabi A., Bujak R., Norlén L., Eriksson K.",Increased risk of osteoarthritis after anterior cruciate ligament reconstruction: a 14-year follow-up study of a randomized controlled trial.,2014,The American journal of sports medicine,Barenius,increasedriskofosteoarthritisafteranteriorcruciateligamentreconstruction:a14yearfollowupstudyofarandomizedcontrolledtrial,
857,Embase,,"McRae S., Leiter J., McCormack R., Old J., MacDonald P.",Ipsilateral versus contralateral hamstring grafts in anterior cruciate ligament reconstruction: a prospective randomized trial.,2013,The American journal of sports medicine,McRae,ipsilateralversuscontralateralhamstringgraftsinanteriorcruciateligamentreconstruction:aprospectiverandomizedtrial,
868,Embase,,"Demirağ B., Ermutlu C., Aydemir F., Durak K.",A comparison of clinical outcome of augmentation and standard reconstruction techniques for partial anterior cruciate ligament tears,2012,Eklem hastalıkları ve cerrahisi = Joint diseases & related surgery,Demirağ,acomparisonofclinicaloutcomeofaugmentationandstandardreconstructiontechniquesforpartialanteriorcruciateligamenttears,
869,Embase,,"Sajovic M., Strahovnik A., Dernovsek M.Z., Skaza K.",Quality of life and clinical outcome comparison of semitendinosus and gracilis tendon versus patellar tendon autografts for anterior cruciate ligament reconstruction: an 11-year follow-up of a randomized controlled trial.,2011,The American journal of sports medicine,Sajovic,qualityoflifeandclinicaloutcomecomparisonofsemitendinosusandgracilistendonversuspatellartendonautograftsforanteriorcruciateligamentreconstruction:an11yearfollowupofarandomizedcontrolledtrial,
879,Embase,,"Barenius B., Nordlander M., Ponzer S., Tidermark J., Eriksson K.",Quality of life and clinical outcome after anterior cruciate ligament reconstruction using patellar tendon graft or quadrupled semitendinosus graft: an 8-year follow-up of a randomized controlled trial.,2010,The American journal of sports medicine,Barenius,qualityoflifeandclinicaloutcomeafteranteriorcruciateligamentreconstructionusingpatellartendongraftorquadrupledsemitendinosusgraft:an8yearfollowupofarandomizedcontrolledtrial,
885,Embase,,"Holm I., Oiestad B.E., Risberg M.A., Aune A.K.",No difference in knee function or prevalence of osteoarthritis after reconstruction of the anterior cruciate ligament with 4-strand hamstring autograft versus patellar tendon-bone autograft: a randomized study with 10-year follow-up.,2010,The American journal of sports medicine,Holm,nodifferenceinkneefunctionorprevalenceofosteoarthritisafterreconstructionoftheanteriorcruciateligamentwith4strandhamstringautograftversuspatellartendonboneautograft:arandomizedstudywith10yearfollowup,
886,Embase,,"Sekir U., Gur H., Akova B.",Early versus late start of isokinetic hamstring-strengthening exercise after anterior cruciate ligament reconstruction with patellar tendon graft.,2010,The American journal of sports medicine,Sekir,earlyversuslatestartofisokinetichamstringstrengtheningexerciseafteranteriorcruciateligamentreconstructionwithpatellartendongraft,
893,Embase,,"Laoruengthana A., Pattayakorn S., Chotanaputhi T., Kosiyatrakul A.","Clinical comparison between six-strand hamstring tendon and patellar tendon autograft in arthroscopic anterior cruciate ligament reconstruction: A prospective, randomized clinical trial",2009,Journal of the Medical Association of Thailand,Laoruengthana,clinicalcomparisonbetweensixstrandhamstringtendonandpatellartendonautograftinarthroscopicanteriorcruciateligamentreconstruction:aprospectiverandomizedclinicaltrial,
907,Embase,,"Liu H.G., Chen S.X., Zhao C.D., Ding L.J., Situ J.",Comparative study on reconstruction of anterior cruciate ligaments with allografts and hamstring tendon under arthroscopy,2008,Zhongguo gu shang = China journal of orthopaedics and traumatology,Liu,comparativestudyonreconstructionofanteriorcruciateligamentswithallograftsandhamstringtendonunderarthroscopy,
913,Embase,,,"A Randomized Clinical Trial Comparing Three Methods for Anterior Cruciate Ligament Reconstruction: Patellar Tendon, Quadruple Semitendinosus/Gracilis and Double-Bundle Semitendinosus/Gracilis Grafts.",2007,clinicaltrials.gov,#VALUE!,arandomizedclinicaltrialcomparingthreemethodsforanteriorcruciateligamentreconstruction:patellartendonquadruplesemitendinosus/gracilisanddoublebundlesemitendinosus/gracilisgrafts,
928,Embase,,,Bone Tunnel Widening Following ACL Reconstruction,2005,clinicaltrials.gov,#VALUE!,bonetunnelwideningfollowingaclreconstruction,
941,Embase,,"Henriksson M., Rockborn P., Good L.",Range of motion training in brace vs. plaster immobilization after anterior cruciate ligament reconstruction: a prospective randomized comparison with a 2-year follow-up.,2002,Scandinavian journal of medicine & science in sports,Henriksson,rangeofmotiontraininginbracevsplasterimmobilizationafteranteriorcruciateligamentreconstruction:aprospectiverandomizedcomparisonwitha2yearfollowup,
944,Embase,,"Feller J.A., Webster K.E., Gavin B.",Early post-operative morbidity following anterior cruciate ligament reconstruction: patellar tendon versus hamstring graft.,2001,"Knee surgery, sports traumatology, arthroscopy : official journal of the ESSKA",Feller,earlypostoperativemorbidityfollowinganteriorcruciateligamentreconstruction:patellartendonversushamstringgraft,
946,Embase,,"Eriksson K., Anderberg P., Hamberg P., Olerud P., Wredmark T.",There are differences in early morbidity after ACL reconstruction when comparing patellar tendon and semitendinosus tendon graft. A prospective randomized study of 107 patients.,2001,Scandinavian journal of medicine & science in sports,Eriksson,therearedifferencesinearlymorbidityafteraclreconstructionwhencomparingpatellartendonandsemitendinosustendongraftaprospectiverandomizedstudyof107patients,
950,Embase,,"Jansson K.A., Harilainen A., Sandelin J., Karjalainen P.T., Aronen H.J., Tallroth K.","Bone tunnel enlargement after anterior cruciate ligament reconstruction with the hamstring autograft and endobutton fixation technique. A clinical, radiographic and magnetic resonance imaging study with 2 years follow-up.",1999,"Knee surgery, sports traumatology, arthroscopy : official journal of the ESSKA",Jansson,bonetunnelenlargementafteranteriorcruciateligamentreconstructionwiththehamstringautograftandendobuttonfixationtechniqueaclinicalradiographicandmagneticresonanceimagingstudywith2yearsfollowup,
951,Embase,,"Feller J., Bartlett J., Chapman S., Delahunt M.",Use of an extension-assisting brace following anterior cruciate ligament reconstruction.,1997,"Knee surgery, sports traumatology, arthroscopy : official journal of the ESSKA",Feller,useofanextensionassistingbracefollowinganteriorcruciateligamentreconstruction,
953,Embase,,"Goertzen M., Schulitz K.P.",Isolated intraarticular plasty of the semitendinosus or combined intra- and extra-articular plasty in chronic anterior laxity of the knee,1994,Revue de chirurgie orthopédique et réparatrice de l'appareil moteur,Goertzen,isolatedintraarticularplastyofthesemitendinosusorcombinedintraandextraarticularplastyinchronicanteriorlaxityoftheknee,
965,Embase,,,ACL Reconstruction With Quadriceps Tendon Graft vs. Quadrupled Semitendinosus Graft: A Comparison of Patients From the Danish National ACL Reconstruction Database,2025,clinicaltrials.gov,#VALUE!,aclreconstructionwithquadricepstendongraftvsquadrupledsemitendinosusgraft:acomparisonofpatientsfromthedanishnationalaclreconstructiondatabase,
967,Embase,,,Comparison of Two Different Rehabilitation Approaches Applied After Anterior Cruciate Ligament Reconstruction,2025,clinicaltrials.gov,#VALUE!,comparisonoftwodifferentrehabilitationapproachesappliedafteranteriorcruciateligamentreconstruction,
969,Embase,,,"The Effect of Cognitive-Based Neuromuscular Exercises on Reaction Time, Joint Position Sense, Proprioceptive Force Sense and Balance in Individuals Who Had Anterior Cruciate Ligament Surgery",2024,clinicaltrials.gov,#VALUE!,theeffectofcognitivebasedneuromuscularexercisesonreactiontimejointpositionsenseproprioceptiveforcesenseandbalanceinindividualswhohadanteriorcruciateligamentsurgery,
971,Embase,,,"Comparison of Conservative Treatment With Blood Flow Restriction With Standard Management in Total ACL Rupture. ""Randomized Clinical Trial""",2024,clinicaltrials.gov,#VALUE!,"comparisonofconservativetreatmentwithbloodflowrestrictionwithstandardmanagementintotalaclrupture""randomizedclinicaltrial""",
979,Embase,,,"Reconstruction of the Anterior Cruciated Ligament With Quadriceps Tendon Graft With Bone Plug vs Bone Patellar Tendon Bone Graft, a Randomized Clinical Controlled Essay With 2 Years of Follow up",2023,clinicaltrials.gov,#VALUE!,reconstructionoftheanteriorcruciatedligamentwithquadricepstendongraftwithboneplugvsbonepatellartendonbonegraftarandomizedclinicalcontrolledessaywith2yearsoffollowup,
981,Embase,,,Effects of Platelet-Rich Fibrin on Knee Muscle Strength and Function in Patients With Anterior Cruciate Ligament Reconstruction,2023,clinicaltrials.gov,#VALUE!,effectsofplateletrichfibrinonkneemusclestrengthandfunctioninpatientswithanteriorcruciateligamentreconstruction,
982,Embase,,,Reduced Knee Flexion Strength 18 Years After ACL Reconstruction in Hamstring Group,2023,clinicaltrials.gov,#VALUE!,reducedkneeflexionstrength18yearsafteraclreconstructioninhamstringgroup,
983,Embase,,,Anterior Cruciate Ligament Reconstruction With Quadriceps Tendon Bone Autograft,2023,clinicaltrials.gov,#VALUE!,anteriorcruciateligamentreconstructionwithquadricepstendonboneautograft,
985,Embase,,,Use of Nordic Hamstring Exercise to Improve Hamstrings Function in Patients After ACL Reconstruction,2022,clinicaltrials.gov,#VALUE!,useofnordichamstringexercisetoimprovehamstringsfunctioninpatientsafteraclreconstruction,
987,Embase,,,All-Inside Single-Bundle for ACL Reconstruction With Full Thickness of the Peroneus Longus Tendon Compared to the Six-strand-hamstring Autograft,2022,clinicaltrials.gov,#VALUE!,allinsidesinglebundleforaclreconstructionwithfullthicknessoftheperoneuslongustendoncomparedtothesixstrandhamstringautograft,
988,Embase,,,Medial Collateral Ligament Reconstruction With Anteromedial Reinforcement for Medial and Anteromedial Rotatory Knee Instability,2022,clinicaltrials.gov,#VALUE!,medialcollateralligamentreconstructionwithanteromedialreinforcementformedialandanteromedialrotatorykneeinstability,
989,Embase,,,All Soft Tissue Quadriceps Tendon Autograft Versus Patellar Tendon Autograft in Anterior Cruciate Ligament Reconstruction: a Randomized Controlled Trial,2022,clinicaltrials.gov,#VALUE!,allsofttissuequadricepstendonautograftversuspatellartendonautograftinanteriorcruciateligamentreconstruction:arandomizedcontrolledtrial,
995,Embase,,,Optimizing GRAft SElection for ACL Reconstruction (GRASE-ACL Trial) - a Three-armed Randomized Controlled Trial,2022,clinicaltrials.gov,#VALUE!,optimizinggraftselectionforaclreconstruction(graseacltrial)athreearmedrandomizedcontrolledtrial,
1005,Embase,,,Prospective Comparison Of Arthroscopic Anterior Cruciate Ligament Reconstrictions Made With Hamstring Tendon And Quadriceps Tendon Autografts,2021,clinicaltrials.gov,#VALUE!,prospectivecomparisonofarthroscopicanteriorcruciateligamentreconstrictionsmadewithhamstringtendonandquadricepstendonautografts,
1006,Embase,,,Subjective Outcomes After ACL Reconstruction With BQT Autograft,2021,clinicaltrials.gov,#VALUE!,subjectiveoutcomesafteraclreconstructionwithbqtautograft,
1007,Embase,,,Comparison of Clinical Results of Adjustable Femoral Loop With Three Different Techniques in Patients Who Underwent Arthroscopic ACL Reconstruction With Hamstring Autograft: A Prospective Randomised Clinical Study,2020,clinicaltrials.gov,#VALUE!,comparisonofclinicalresultsofadjustablefemoralloopwiththreedifferenttechniquesinpatientswhounderwentarthroscopicaclreconstructionwithhamstringautograft:aprospectiverandomisedclinicalstudy,
1011,Embase,,,Comparison of Functional Outcome Between Bone Quadriceps Tendon (BQT) and Single-Bundle Hamstring Tendon (SBHT) Autograft in Arthroscopic-assissted Anterior Cruciate Ligament Reconstruction: a Prospective Cohort Study,2020,clinicaltrials.gov,#VALUE!,comparisonoffunctionaloutcomebetweenbonequadricepstendon(bqt)andsinglebundlehamstringtendon(sbht)autograftinarthroscopicassisstedanteriorcruciateligamentreconstruction:aprospectivecohortstudy,
1015,Embase,,,Postoperative ERIS Knee Splinting Following ACLR: A Randomized Clinical Trial,2020,clinicaltrials.gov,#VALUE!,postoperativeeriskneesplintingfollowingaclr:arandomizedclinicaltrial,
1016,Embase,,,SEQUAR - SEmitendinosus vs QUadriceps in Anterior Cruciate Ligament Reconstruction - a Prospective Randomized Study,2020,clinicaltrials.gov,#VALUE!,sequarsemitendinosusvsquadricepsinanteriorcruciateligamentreconstructionaprospectiverandomizedstudy,
1020,Embase,,,Soft-tissue Quadriceps Autograft ACL-reconstruction in the Skeletally-immature Vs. Hamstrings (SQuASH): a Multi-Centre Randomized Controlled Trial,2019,clinicaltrials.gov,#VALUE!,softtissuequadricepsautograftaclreconstructionintheskeletallyimmaturevshamstrings(squash):amulticentrerandomizedcontrolledtrial,
1032,Embase,,,Arthroscopic ACL Reconstruction: Hamstring Versus Quadriceps Tendon Autograft,2017,clinicaltrials.gov,#VALUE!,arthroscopicaclreconstruction:hamstringversusquadricepstendonautograft,
1033,Embase,,,"Graft Selection in Anatomic Anterior Cruciate Ligament Reconstruction: Patella, Hamstrings or Quadriceps Tendon Autograft",2017,clinicaltrials.gov,#VALUE!,graftselectioninanatomicanteriorcruciateligamentreconstruction:patellahamstringsorquadricepstendonautograft,
1034,Embase,,,What is the Functional Status of Anterior Cruciate Ligament Reconstruction (ACLR) Patients at Discharge From Rehabilitation,2017,clinicaltrials.gov,#VALUE!,whatisthefunctionalstatusofanteriorcruciateligamentreconstruction(aclr)patientsatdischargefromrehabilitation,
1035,Embase,,,Can Targeted Exercise Improve Knee Strength in Patients With Persisting Hamstring Deficiency Following ACL-reconstruction? - A Randomized Controlled Trial,2016,clinicaltrials.gov,#VALUE!,cantargetedexerciseimprovekneestrengthinpatientswithpersistinghamstringdeficiencyfollowingaclreconstruction?arandomizedcontrolledtrial,
1037,Embase,,"Ouyang X., Hong S.D., Xin F., Wang L., Yang X.W., Wang J.R., Wang Q., Cui W.D., Zhang A.J., Zhao Z.X.",The curative efficacy of arthroscopic therapy in treating anterior cruciate ligament rupture with secondary osteoarthritis,2016,European Review for Medical and Pharmacological Sciences,Ouyang,thecurativeefficacyofarthroscopictherapyintreatinganteriorcruciateligamentrupturewithsecondaryosteoarthritis,
1039,Embase,,,Acute Anterior Cruciate Ligament Rupture; RecOnsTruction Or Repair?,2014,clinicaltrials.gov,#VALUE!,acuteanteriorcruciateligamentrupturereconstructionorrepair?,
1042,Embase,,"Fukuda T.Y., Fingerhut D., Moreira V.C., Camarini P.M., Scodeller N.F., Duarte Jr. A., Martinelli M., Bryk F.F.",Open kinetic chain exercises in a restricted range of motion after anterior cruciate ligament reconstruction: a randomized controlled clinical trial.,2013,The American journal of sports medicine,Fukuda,openkineticchainexercisesinarestrictedrangeofmotionafteranteriorcruciateligamentreconstruction:arandomizedcontrolledclinicaltrial,
1045,Embase,,,Effects of Hamstring Training in Different Modes on Stabilizing Knee Joints With Anterior Drawer Laxity,2010,clinicaltrials.gov,#VALUE!,effectsofhamstringtrainingindifferentmodesonstabilizingkneejointswithanteriordrawerlaxity,
1046,Embase,,"Sekir U., Gur H., Akova B.",Early versus late start of isokinetic hamstring-strengthening exercise after anterior cruciate ligament reconstruction with patellar tendon graft.,2010,The American journal of sports medicine,Sekir,earlyversuslatestartofisokinetichamstringstrengtheningexerciseafteranteriorcruciateligamentreconstructionwithpatellartendongraft,
1052,Embase,,"Acquitter Y., Hulet C., Locker B., Delbarre J.-C., Jambou S., Vielpeau C.",Patellar tendon-bone autograft reconstruction of the anterior cruciate ligament for advanced-stage chronic anterior laxity: Is an extra-articular plasty necessary? A prospective randomized study of 100 patients with five year follow-up,2003,Revue de Chirurgie Orthopedique et Reparatrice de l'Appareil Moteur,Acquitter,patellartendonboneautograftreconstructionoftheanteriorcruciateligamentforadvancedstagechronicanteriorlaxity:isanextraarticularplastynecessary?aprospectiverandomizedstudyof100patientswithfiveyearfollowup,
1055,Embase,,"Henriksson M., Rockborn P., Good L.",Range of motion training in brace vs. plaster immobilization after anterior cruciate ligament reconstruction: a prospective randomized comparison with a 2-year follow-up.,2002,Scandinavian journal of medicine & science in sports,Henriksson,rangeofmotiontraininginbracevsplasterimmobilizationafteranteriorcruciateligamentreconstruction:aprospectiverandomizedcomparisonwitha2yearfollowup,
1056,Embase,,"Feller J.A., Webster K.E., Gavin B.",Early post-operative morbidity following anterior cruciate ligament reconstruction: patellar tendon versus hamstring graft.,2001,"Knee surgery, sports traumatology, arthroscopy : official journal of the ESSKA",Feller,earlypostoperativemorbidityfollowinganteriorcruciateligamentreconstruction:patellartendonversushamstringgraft,
1057,Embase,,"Mikkelsen C., Werner S., Eriksson E.",Closed kinetic chain alone compared to combined open and closed kinetic chain exercises for quadriceps strengthening after anterior cruciate ligament reconstruction with respect to return to sports: a prospective matched follow-up study.,2000,"Knee surgery, sports traumatology, arthroscopy : official journal of the ESSKA",Mikkelsen,closedkineticchainalonecomparedtocombinedopenandclosedkineticchainexercisesforquadricepsstrengtheningafteranteriorcruciateligamentreconstructionwithrespecttoreturntosports:aprospectivematchedfollowupstudy,
1058,Embase,,"Feller J., Bartlett J., Chapman S., Delahunt M.",Use of an extension-assisting brace following anterior cruciate ligament reconstruction.,1997,"Knee surgery, sports traumatology, arthroscopy : official journal of the ESSKA",Feller,useofanextensionassistingbracefollowinganteriorcruciateligamentreconstruction,
1062,Embase,,"Odensten M., Hamberg P., Nordin M., Lysholm J., Gillquist J.",Surgical or conservative treatment of the acutely torn anterior cruciate ligament. A randomized study with short-term follow-up observations,1985,Clinical Orthopaedics and Related Research,Odensten,surgicalorconservativetreatmentoftheacutelytornanteriorcruciateligamentarandomizedstudywithshorttermfollowupobservations,
1065,Embase,,,The Comparison of Tunnel Morphology and Graft Healing in Anterior Cruciate Ligament Reconstructions Using Peroneus Longus And Hamstring Tendons,2025,clinicaltrials.gov,#VALUE!,thecomparisonoftunnelmorphologyandgrafthealinginanteriorcruciateligamentreconstructionsusingperoneuslongusandhamstringtendons,
1069,Embase,,"Kumar D., Kunder R., Verma P.K., Lakhtakia P.K.",Autologous Peroneus Longus Versus Hamstring Tendon for Anterior Cruciate Ligament Reconstruction in Knee,2023,International Journal of Life Sciences Biotechnology and Pharma Research,Kumar,autologousperoneuslongusversushamstringtendonforanteriorcruciateligamentreconstructioninknee,
1070,Embase,,,All-Inside Single-Bundle for ACL Reconstruction With Full Thickness of the Peroneus Longus Tendon Compared to the Six-strand-hamstring Autograft,2022,clinicaltrials.gov,#VALUE!,allinsidesinglebundleforaclreconstructionwithfullthicknessoftheperoneuslongustendoncomparedtothesixstrandhamstringautograft,
1075,Embase,,"Noh J.H., Kyiung H.S., Yoon K.H., Roh Y.H.",Supplementary tibial fixation in anterior cruciate ligament reconstruction - Direct cortical fixation using spiked washer screw vs. post-tie using washer screw,2016,Acta orthopaedica Belgica,Noh,supplementarytibialfixationinanteriorcruciateligamentreconstructiondirectcorticalfixationusingspikedwasherscrewvsposttieusingwasherscrew,
1077,Embase,,,A Prospective and Consecutive Clinical Evaluation of Soft Tissue Regeneration's L-C Ligament® in Primary ACL Reconstruction,2012,clinicaltrials.gov,#VALUE!,aprospectiveandconsecutiveclinicalevaluationofsofttissueregeneration'slcligament®inprimaryaclreconstruction,
1078,Embase,,,Bone Tunnel Widening Following ACL Reconstruction,2005,clinicaltrials.gov,#VALUE!,bonetunnelwideningfollowingaclreconstruction,
1215,Web of Science,,"Lu, C; Huang, X","The comparison of clinical efficacy of arthroscopic anterior cruciate ligament reconstruction via autologous bone-patellar tendon-bone, autologous hamstring tendon and allogeneic bone-patellar tendon-bone",2017,International Journal Of Clinical And Experimental Medicine,Lu,thecomparisonofclinicalefficacyofarthroscopicanteriorcruciateligamentreconstructionviaautologousbonepatellartendonboneautologoushamstringtendonandallogeneicbonepatellartendonbone,
1433,Scopus,,"Laoruengthana, A.; Pattayakorn, S.; Chotanaputhi, T.; Kosiyatrakul, A.","Clinical comparison between six-strand hamstring tendon and patellar tendon autograft in arthroscopic anterior cruciate ligament reconstruction: A prospective, randomized clinical trial",2009,Journal of the Medical Association of Thailand,Laoruengthana,clinicalcomparisonbetweensixstrandhamstringtendonandpatellartendonautograftinarthroscopicanteriorcruciateligamentreconstruction:aprospectiverandomizedclinicaltrial,
1712,Scopus,,"Diduch, D.R.; Mann, J.; Geary, S.P.; Scott, W.N.; Huie, G.",The effect of pretwisting the ACL autograft on knee laxity.,1998,The American journal of knee surgery,Diduch,theeffectofpretwistingtheaclautograftonkneelaxity,
1794,Scopus,,"Marcacci, M.; Zaffagnini, S.; Neri, M.P.; Iacono, F.; Petitto, A.; Isola, P.; Kon, E.",Comparative assessment of the results of three ACL reconstruction techniques after a minimum five-year follow-up,1995,Journal of Sports Traumatology and Related Research,Marcacci,comparativeassessmentoftheresultsofthreeaclreconstructiontechniquesafteraminimumfiveyearfollowup,
1797,Scopus,,"Cameron, S.E.; Wilson, W.; St.Pierre, P.","A prospective, randomized comparison of open vs arthroscopically assisted ACL reconstruction",1995,Orthopedics,Cameron,aprospectiverandomizedcomparisonofopenvsarthroscopicallyassistedaclreconstruction,
1913,Scopus,,"Lan, X.; Huang, J.; Tian, F.; Wang, S.; Liu, C.; Wang, J.",Application of 3D-Printed Personalized Guide for Lateral Femoral Positioning in Anterior Cruciate Ligament Reconstruction of the Knee,2023,Alternative therapies in health and medicine,Lan,applicationof3dprintedpersonalizedguideforlateralfemoralpositioninginanteriorcruciateligamentreconstructionoftheknee,
1926,Scopus,,"Di Natali, G.; Carlisi, E.; Marin, L.; Tinelli, C.; Lisi, C.",Remote functional evaluation after reconstruction of the anterior cruciate ligament in amateur sportsmen with sedentary work; Valutazione funzionale a distanza dopo ricostruzione del LCA in sportivi amatoriali con lavoro sedentario,2022,Giornale italiano di medicina del lavoro ed ergonomia,Di,remotefunctionalevaluationafterreconstructionoftheanteriorcruciateligamentinamateursportsmenwithsedentaryworkvalutazionefunzionaleadistanzadoporicostruzionedellcainsportiviamatorialiconlavorosedentario,
2199,Scopus,,"Huang, C.M.; Dong, H.X.; Fan, H.Q.; Fu, Y.P.",[Intrafix fixation and remnants preservation in single-tunnel double-bundle reconstruction of anterior cruciate ligament with anatomical placement of hamstring tendons].,2013,Zhongguo gu shang = China journal of orthopaedics and traumatology,Huang,intrafixfixationandremnantspreservationinsingletunneldoublebundlereconstructionofanteriorcruciateligamentwithanatomicalplacementofhamstringtendons,
2207,Scopus,,"Demiraǧ, B.; Ermutlu, C.; Aydemir, F.; Durak, K.",A comparison of clinical outcome of augmentation and standard reconstruction techniques for partial anterior cruciate ligament tears,2012,Eklem Hastaliklari ve Cerrahisi,Demiraǧ,acomparisonofclinicaloutcomeofaugmentationandstandardreconstructiontechniquesforpartialanteriorcruciateligamenttears,
2332,Scopus,,"Tahmasebi, M.N.; Shahrezaee, M.; Kaseb, M.H.; Motaghi, A.",Reconstruction of Anterior Cruciate Ligament rupture: Results of 96 operations,2009,Tehran University Medical Journal,Tahmasebi,reconstructionofanteriorcruciateligamentrupture:resultsof96operations,
2334,Scopus,,"Laoruengthana, A.; Pattayakorn, S.; Chotanaputhi, T.; Kosiyatrakul, A.","Clinical comparison between six-strand hamstring tendon and patellar tendon autograft in arthroscopic anterior cruciate ligament reconstruction: A prospective, randomized clinical trial",2009,Journal of the Medical Association of Thailand,Laoruengthana,clinicalcomparisonbetweensixstrandhamstringtendonandpatellartendonautograftinarthroscopicanteriorcruciateligamentreconstruction:aprospectiverandomizedclinicaltrial,
2338,Scopus,,"Chouliaras, V.; Ristanis, S.; Moraiti, C.O.; Tzimas, V.; Stergiou, N.; Georgoulis, A.D.",Anterior cruciate ligament reconstruction with a quadrupled hamstrings tendon autograft does not restore tibial rotation to normative levels during landing from a jump and subsequent pivoting,2009,Journal of Sports Medicine and Physical Fitness,Chouliaras,anteriorcruciateligamentreconstructionwithaquadrupledhamstringstendonautograftdoesnotrestoretibialrotationtonormativelevelsduringlandingfromajumpandsubsequentpivoting,
2392,Scopus,,"Fan, Q.; Fan, J.",Comparison between four-strand semitendinosus tendon autograft and ligament advanced reinforcement system for anterior cruciate ligament reconstruction by arthroscopy,2008,Zhongguo xiu fu chong jian wai ke za zhi = Zhongguo xiufu chongjian waike zazhi = Chinese journal of reparative and reconstructive surgery,Fan,comparisonbetweenfourstrandsemitendinosustendonautograftandligamentadvancedreinforcementsystemforanteriorcruciateligamentreconstructionbyarthroscopy,
2426,Scopus,,"Xu, Y.; Li, F.; Lu, H.",Reconstruction of anterior cruciate ligament with different grafts under arthroscope in 68 cases,2007,Zhongguo xiu fu chong jian wai ke za zhi = Zhongguo xiufu chongjian waike zazhi = Chinese journal of reparative and reconstructive surgery,Xu,reconstructionofanteriorcruciateligamentwithdifferentgraftsunderarthroscopein68cases,
2455,Scopus,,"Bonacina, P.; Moja, P.; Zanasi, L.; Limonta, A.; Gatti, S.",Anterior cruciate ligament reconstruction with hamstrings: Our experience with hamstrings versus patellar tendon; La nostra esperienza nella ricostruzione del legamento crociato anteriore con semitendinoso e gracile raddoppiati: Confronto con tendine rotuleo,2006,Minerva Ortopedica e Traumatologica,Bonacina,anteriorcruciateligamentreconstructionwithhamstrings:ourexperiencewithhamstringsversuspatellartendonlanostraesperienzanellaricostruzionedellegamentocrociatoanterioreconsemitendinosoegracileraddoppiati:confrontocontendinerotuleo,
2473,Scopus,,"Karanikas, K.; Arampatzis, A.; Brüggemann, G.-P.",Influence on the muscle strength capability of the lower extremity ACL using patella tendon or semitendinosus grafts; Einfluss der patellasehnen- und semitendinosussehnen-anterior cruciatum ligamentum-ersatzplastik auf die muskulÃ¤ren kraftfÃ¤higkeiten der unteren extremitÃ¤ten,2006,Deutsche Zeitschrift fur Sportmedizin,Karanikas,influenceonthemusclestrengthcapabilityofthelowerextremityaclusingpatellatendonorsemitendinosusgraftseinflussderpatellasehnenundsemitendinosussehnenanteriorcruciatumligamentumersatzplastikaufdiemuskulã¤renkraftfã¤higkeitenderunterenextremitã¤ten,
2477,Scopus,,"Buda, R.; Verni, E.; Ferruzzi, A.; Di Caprio, F.; Giannini, S.",Anterior cruciate ligament replacement with distally inserted doubled hamstring graft: Prospective clinical and instrumental evaluation,2005,Medicina dello Sport,Buda,anteriorcruciateligamentreplacementwithdistallyinserteddoubledhamstringgraft:prospectiveclinicalandinstrumentalevaluation,
2502,Scopus,,"Chen, B.C.; Wang, X.F.; Gao, S.J.; Nie, X.Z.",Application of bipolar radiofrequency energy in the treatmemt of elongated anterior cruciate ligament reconstruction,2005,Zhonghua wai ke za zhi [Chinese journal of surgery],Chen,applicationofbipolarradiofrequencyenergyinthetreatmemtofelongatedanteriorcruciateligamentreconstruction,
2565,Scopus,,"Conteduca, F.; Morelli, F.; Ferretti, A.",Viscoelastic properties of the semitendinosus and gracilis tendons in reconstruction of the ACL: an in vivo evaluation.,2003,La Chirurgia degli organi di movimento,Conteduca,viscoelasticpropertiesofthesemitendinosusandgracilistendonsinreconstructionoftheacl:aninvivoevaluation,
2587,Scopus,,"Katabi, M.; Djian, P.; Christel, P.",Anterior cruciate ligament reconstruction: Patellar tendon autograft versus four-strand hamstring tendon autografts. A comparative study at one year follow-up; Comparaison Ã  un an de recul des reconstructions du ligament croisÃ© antÃ©rieur par transplant libre de tendon rotulien ou par droit interne demi-tendineux Ã  quatre brins,2002,Revue de Chirurgie Orthopedique et Reparatrice de l'Appareil Moteur,Katabi,anteriorcruciateligamentreconstruction:patellartendonautograftversusfourstrandhamstringtendonautograftsacomparativestudyatoneyearfollowupcomparaisonã unandereculdesreconstructionsduligamentcroisã©antã©rieurpartransplantlibredetendonrotulienoupardroitinternedemitendineuxã quatrebrins,
2605,Scopus,,"Zaffagnini, S.; Iacono, F.; Marcacci, M.; Della Villa, S.; Nataloni, C.; Lo Presti, M.L.; Vascellari, A.",Isokinetic muscle performance after ACL reconstruction with hamstrings at three months and two years follow-up,2001,European Journal of Sports Traumatology and Related Research,Zaffagnini,isokineticmuscleperformanceafteraclreconstructionwithhamstringsatthreemonthsandtwoyearsfollowup,
2617,Scopus,,"Edwards, P.H.; Grana, W.A.",Anterior cruciate ligament reconstruction in the immature athlete: long-term results of intra-articular reconstruction.,2001,The American journal of knee surgery,Edwards,anteriorcruciateligamentreconstructionintheimmatureathlete:longtermresultsofintraarticularreconstruction,
2622,Scopus,,"Simonian, P.T.; Monson, J.T.; Larson, R.V.",Biodegradable interference screw augmentation reduces tunnel expansion after ACL reconstruction.,2001,The American journal of knee surgery,Simonian,biodegradableinterferencescrewaugmentationreducestunnelexpansionafteraclreconstruction,
2634,Scopus,,"Odat, M.M.",Reconstruction of the anterior cruciate ligament using the central third of the patellar tendon,2001,Bahrain Medical Bulletin,Odat,reconstructionoftheanteriorcruciateligamentusingthecentralthirdofthepatellartendon,
2638,Scopus,,"Doral, M.N.; Leblebicioĝlu, G.; Atay, O.A.; Baydar, M.L.; Tetik, O.; Atik, S.",Arthroscopy-assisted anterior cruciate ligament reconstruction with patellar tendon or hamstring autografts,2000,Bulletin: Hospital for Joint Diseases,Doral,arthroscopyassistedanteriorcruciateligamentreconstructionwithpatellartendonorhamstringautografts,
2639,Scopus,,"Buda, R.; Verni, E.; Guzzardella, M.; Montanari, E.; Giannini, S.",The semitendinosus and gracilis tendons as replacement for chronic antero-lateral instability: Results with a minimum five years follow-up; L'innesto con semitendinoso e gracile nell'instabilita anterolaterale cronica: Risultati con follow-up minimo di cinque anni,2000,Medicina dello Sport,Buda,thesemitendinosusandgracilistendonsasreplacementforchronicanterolateralinstability:resultswithaminimumfiveyearsfollowupl'innestoconsemitendinosoegracilenell'instabilitaanterolateralecronica:risultaticonfollowupminimodicinqueanni,
2661,Scopus,,"Comba, D.; Sandrucci, G.; Graziano, E.; Regis, G.; Cenna, E.",Arthroscopic reconstruction of the ACL with double-looped semitendinosus and gracilis tendons and fixation with bioabsorbable interference screws. Medium-term results,1999,European Journal of Sports Traumatology and Related Research,Comba,arthroscopicreconstructionoftheaclwithdoubleloopedsemitendinosusandgracilistendonsandfixationwithbioabsorbableinterferencescrewsmediumtermresults,
2666,Scopus,,"Mariani, P.P.; Santoriello, P.; Iannone, S.; Condello, V.; Adriani, E.",Comparison of surgical treatments for knee dislocation.,1999,The American journal of knee surgery,Mariani,comparisonofsurgicaltreatmentsforkneedislocation,
2679,Scopus,,"Chen, C.-H.; Chen, W.-J.; Wu, C.-C.; Shih, C.-H.",Arthroscopic anterior cruciate ligament reconstruction with quadruple semitendinosus and gracilis tendon autograft: Surgical technique and clinical results,1998,Journal of Orthopaedic Surgery,Chen,arthroscopicanteriorcruciateligamentreconstructionwithquadruplesemitendinosusandgracilistendonautograft:surgicaltechniqueandclinicalresults,
2692,Scopus,,"Zaccherotti, G.; Aglietti, P.; Bandinelli, I.",Long-term isokinetic evaluation of quadriceps and hamstrings strength following ACL reconstruction. A case-control study,1997,European Journal of Sports Traumatology and Related Research,Zaccherotti,longtermisokineticevaluationofquadricepsandhamstringsstrengthfollowingaclreconstructionacasecontrolstudy,
2693,Scopus,,"Aglietti, P.; Zaccherotti, G.; Buzzi, R.; De Biase, P.",A comparison between patellar tendon and doubled semitendinosus/gracilis tendon for anterior cruciate ligament reconstruction. A minimum five-year follow-up,1997,European Journal of Sports Traumatology and Related Research,Aglietti,acomparisonbetweenpatellartendonanddoubledsemitendinosus/gracilistendonforanteriorcruciateligamentreconstructionaminimumfiveyearfollowup,
2793,Scopus,,"Gotlin, M.; Bloom, D.A.; Chevalier, N.; Golant, A.; Pace, J.L.; Jazrawi, L.M.; Gonzalez-Lomas, G.",Tunnel Widening Following All-Inside Anterior Cruciate Ligament Reconstruction Varies Depending on Soft Tissue Graft Type,2023,Bulletin of the Hospital for Joint Diseases,Gotlin,tunnelwideningfollowingallinsideanteriorcruciateligamentreconstructionvariesdependingonsofttissuegrafttype,
2818,Scopus,,"Krzemińska, K.; Czamara, A.",Diagnostic value of the hamstring to quadriceps ratio in monitoring of the effectiveness of supervised 6-month physiotherapy in males after Anterior Cruciate Ligament Reconstruction (ACLR),2020,Acta of bioengineering and biomechanics,Krzemińska,diagnosticvalueofthehamstringtoquadricepsratioinmonitoringoftheeffectivenessofsupervised6monthphysiotherapyinmalesafteranteriorcruciateligamentreconstruction(aclr),
2895,Scopus,,"Kaseb, M.H.; Sadeghifar, A.R.; Mortazavi, S.M.J.",Press-fit femoral fixation in ACL reconstruction using bone-patellar tendon-bone graft,2009,Acta Medica Iranica,Kaseb,pressfitfemoralfixationinaclreconstructionusingbonepatellartendonbonegraft,
2926,Scopus,,"Liang, Y.; Zhang, S.-M.; Hu, Y.; Zhang, H.-W.; Yuan, R.-X.",Effects of traditional Chinese medicine and rehabilitation training on knee joint function after anterior cruciate ligament reconstruction in arthroscopy,2006,Chinese Journal of Clinical Rehabilitation,Liang,effectsoftraditionalchinesemedicineandrehabilitationtrainingonkneejointfunctionafteranteriorcruciateligamentreconstructioninarthroscopy,
2940,Scopus,,"Rebeyrotte-Boulègue, I.; Daviet, J.-C.; Oksman, A.; Salle, J.-Y.; Dudognon, P.; Mabit, C.",Isokinetic evaluation of anterior cruciate ligament reconstruction using a free fascia lata graft strengthened by gracilis tendon,2005,Isokinetics and Exercise Science,Rebeyrotte-Boulègue,isokineticevaluationofanteriorcruciateligamentreconstructionusingafreefascialatagraftstrengthenedbygracilistendon,
2953,Scopus,,"Wilkerson, G.B.; Colston, M.A.; Short, N.I.; Neal, K.L.; Hoewischer, P.E.; Pixley, J.J.",Neuromuscular Changes in Female Collegiate Athletes Resulting from A Plyometric Jump-Training Program,2004,Journal of Athletic Training,Wilkerson,neuromuscularchangesinfemalecollegiateathletesresultingfromaplyometricjumptrainingprogram,
2958,Scopus,,"Can, F.",Results of a specific rehabilitation protocol for anterior cruciate ligament reconstructed patients,2003,Fizyoterapi Rehabilitasyon,Can,resultsofaspecificrehabilitationprotocolforanteriorcruciateligamentreconstructedpatients,
2972,Scopus,,"Zhao, J.-Z.; Jiang, Y.; Shen, H.; Shao, J.-J.",Rehabilitation after reconstruction of anterior cruciate ligament with quadrupled-stranded semitendinosus tendon and suture plate,2002,Chinese Journal of Clinical Rehabilitation,Zhao,rehabilitationafterreconstructionofanteriorcruciateligamentwithquadrupledstrandedsemitendinosustendonandsutureplate,
2974,Scopus,,"Azuma, H.; Yasuda, K.; Tanabe, Y.; Sakai, T.; Kudou, T.; Majima, T.; Aoki, Y.; Minami, A.",Effects of the difference between one - and two - Incision procedures on clinical outcome after arthroscopic anterior cruciate ligament reconstruction with the hamstring tendon-hybrid substitute,2002,Hokkaido Journal of Orthopaedics and Traumatology,Azuma,effectsofthedifferencebetweenoneandtwoincisionproceduresonclinicaloutcomeafterarthroscopicanteriorcruciateligamentreconstructionwiththehamstringtendonhybridsubstitute,
2996,Scopus,,"Odat, M.M.",Reconstruction of the anterior cruciate ligament using the central third of the patellar tendon,2001,Bahrain Medical Bulletin,Odat,reconstructionoftheanteriorcruciateligamentusingthecentralthirdofthepatellartendon,
3012,Scopus,,"Swanik, C.B.; Lephart, S.M.; Giraldo, J.L.; DeMont, R.G.; Fu, F.H.",Reactive Muscle Firing of Anterior Cruciate Ligament-Injured Females during Functional Activities,1999,Journal of Athletic Training,Swanik,reactivemusclefiringofanteriorcruciateligamentinjuredfemalesduringfunctionalactivities,
3013,Scopus,,"Hoffman, M.; Schrader, J.; M.koceja, D.",An Investigation of Postural Control in Postoperative Anterior Cruciate Ligament Reconstruction Patients,1999,Journal of Athletic Training,Hoffman,aninvestigationofposturalcontrolinpostoperativeanteriorcruciateligamentreconstructionpatients,
3014,Scopus,,"DeMont, R.G.; Lephart, S.M.; Giraldo, J.L.; Swanik, C.B.; Fu, F.H.",Muscle Preactivity of Anterior Cruciate Ligament-Deficient and -Reconstructed Females during Functional Activities,1999,Journal of Athletic Training,DeMont,musclepreactivityofanteriorcruciateligamentdeficientandreconstructedfemalesduringfunctionalactivities,
3016,Scopus,,"Shelbourne, K.D.; Liotta, F.J.",ACL reconstruction using an abnormally thick autogenous patellar tendon graft.,1999,The American journal of knee surgery,Shelbourne,aclreconstructionusinganabnormallythickautogenouspatellartendongraft,
3022,Scopus,,"Chen, C.-H.; Chen, W.-J.; Wu, C.-C.; Shih, C.-H.",Arthroscopic anterior cruciate ligament reconstruction with quadruple semitendinosus and gracilis tendon autograft: Surgical technique and clinical results,1998,Journal of Orthopaedic Surgery,Chen,arthroscopicanteriorcruciateligamentreconstructionwithquadruplesemitendinosusandgracilistendonautograft:surgicaltechniqueandclinicalresults,
3023,Scopus,,"Lerat, J.-L.; Chotel, F.; Besse, J.-L.; Moyen, B.; Binet, G.; Craviari, T.; Brunet-Guedj, E.; Adeleine, P.; Nemoz, J.C.",10 to 16 years follow-up results of 138 anterior cruciate ligament reconstruction for chronic instability of the knee using the central third of the patellar tendon augmented by extra-articular plasty; Les resultats apres 10 a 16 ans du traitement de la laxite chronique anterieure du genou par une reconstruction du ligament croise anterieur avec une greffe de tendon rotulien associee a une plastie extra-articulaire externe. A propos de 138 cas,1998,Revue de Chirurgie Orthopedique et Reparatrice de l'Appareil Moteur,Lerat,10to16yearsfollowupresultsof138anteriorcruciateligamentreconstructionforchronicinstabilityofthekneeusingthecentralthirdofthepatellartendonaugmentedbyextraarticularplastylesresultatsapres10a16ansdutraitementdelalaxitechroniqueanterieuredugenouparunereconstructionduligamentcroiseanterieuravecunegreffedetendonrotulienassocieeauneplastieextraarticulaireexterneaproposde138cas,
3032,Scopus,,"Lerat, J.-L.; Mandrino, A.; Besse, J.-L.; Moyen, B.; Brunet-Guedj, E.","Intra-articular reconstruction of the anterior cruciate ligament with and without extra-articular supplementation by quadricipital tendon plasty: Four year fellow-up results; Influence d'une ligamentoplastie extra-articulaire externe sur les resultats de la reconstruction du ligament croise anterieur avec le tendon rotulien, avec quatre ans de recul",1997,Revue de Chirurgie Orthopedique et Reparatrice de l'Appareil Moteur,Lerat,intraarticularreconstructionoftheanteriorcruciateligamentwithandwithoutextraarticularsupplementationbyquadricipitaltendonplasty:fouryearfellowupresultsinfluenced'uneligamentoplastieextraarticulaireexternesurlesresultatsdelareconstructionduligamentcroiseanterieuravecletendonrotulienavecquatreansderecul,
3033,Scopus,,"Tudisco, C.; Blasucci, C.; Simonelli, M.; Gatti, S.",Arthroscopic anterior cruciate ligament reconstruction with the patellar tendon for chronic laxity: Follow-up of 69 cases,1997,European Journal of Sports Traumatology and Related Research,Tudisco,arthroscopicanteriorcruciateligamentreconstructionwiththepatellartendonforchroniclaxity:followupof69cases,
3034,Scopus,,"Zaccherotti, G.; Aglietti, P.; Bandinelli, I.",Long-term isokinetic evaluation of quadriceps and hamstrings strength following ACL reconstruction. A case-control study,1997,European Journal of Sports Traumatology and Related Research,Zaccherotti,longtermisokineticevaluationofquadricepsandhamstringsstrengthfollowingaclreconstructionacasecontrolstudy,
3035,Scopus,,"Zaccherotti, G.; Bandinelli, I.",Long-term assessment of quadriceps/hamstring strength in athletes after acute andchronic anterior cruciate ligament reconstructions; VALUTAZIONE A LUNGO TERMINE DELLA FROZA MUSCOLARE IN ATLETI OPERATI DI RICOSTRUZIONE DEL LEGAMENTO CROCIATO ANTERIORE IN FASE ACUTA E CRONICA. CONFRONTO CON UN GRUPPO DI CONTROLLO,1997,Medicina dello Sport,Zaccherotti,longtermassessmentofquadriceps/hamstringstrengthinathletesafteracuteandchronicanteriorcruciateligamentreconstructionsvalutazionealungoterminedellafrozamuscolareinatletioperatidiricostruzionedellegamentocrociatoanterioreinfaseacutaecronicaconfrontoconungruppodicontrollo,
3037,Scopus,,"Simonian, P.T.; Harrison, S.D.; Cooley, V.J.; Escabedo, E.M.; Deneka, D.A.; Larson, R.V.",Assessment of morbidity of semitendinosus and gracilis tendon harvest for ACL reconstruction.,1997,The American journal of knee surgery,Simonian,assessmentofmorbidityofsemitendinosusandgracilistendonharvestforaclreconstruction,
3041,Scopus,,"Nishio, Y.; Majima, T.; Tago, H.; Yasuda, K.; Kaneda, K.",Limit and effects of accelerated rehabilitation after anterior cruciate ligament reconstruction,1997,Hokkaido Journal of Orthopedic and Traumatic Surgery,Nishio,limitandeffectsofacceleratedrehabilitationafteranteriorcruciateligamentreconstruction,
3043,Scopus,,"Wu, C.-D.",Endoscopic anterior cruciate ligament reconstruction with autogenous bone-patellar tendon-bone graft,1997,Journal of Surgical Association Republic of China,Wu,endoscopicanteriorcruciateligamentreconstructionwithautogenousbonepatellartendonbonegraft,
3066,Scopus,,"Djian, P.; Christel, P.; Roger, B.; Witvoët, J.",Radiologic and MRI evaluation of intra-articular ligamentoplasty using a patellar tendon. Correlations with anatomical results; Evaluation radiologique et IRM des ligamentoplasties intra-articulaires utilisant le tendon rotulien. CorrÃ©lations avec les rÃ©sultats anatomiques.,1994,Revue de Chirurgie Orthopedique et Reparatrice de l'Appareil Moteur,Djian,radiologicandmrievaluationofintraarticularligamentoplastyusingapatellartendoncorrelationswithanatomicalresultsevaluationradiologiqueetirmdesligamentoplastiesintraarticulairesutilisantletendonrotuliencorrã©lationsaveclesrã©sultatsanatomiques,
3073,Scopus,,"Fossier, E.; Christel, P.; Djian, P.; Darman, Z.; Witvoët, J.",Principles and value of isokinetic evaluation in ruptures of the anterior cruciate ligament; Principes et intÃ©rÃªt de l'Ã©valuation isocinÃ©tique dans les ruptures du ligament croisÃ© antÃ©rieur.,1993,Revue de Chirurgie Orthopedique et Reparatrice de l'Appareil Moteur,Fossier,principlesandvalueofisokineticevaluationinrupturesoftheanteriorcruciateligamentprincipesetintã©rãªtdel'ã©valuationisocinã©tiquedanslesrupturesduligamentcroisã©antã©rieur,
3087,Scopus,,"Järvinen, M.; Kannus, P.; Johnson, R.J.",How to treat knee ligament injuries?,1991,Annales Chirurgiae et Gynaecologiae,Järvinen,howtotreatkneeligamentinjuries?,
3089,Scopus,,"Boden, B.P.; Moyer, R.A.; Betz, R.R.; Sapega, A.A.",Arthroscopically-assisted anterior cruciate ligament reconstruction: a follow-up study.,1990,Contemporary orthopaedics,Boden,arthroscopicallyassistedanteriorcruciateligamentreconstruction:afollowupstudy,
3104,Scopus,,"Odensten, M.; Hamberg, P.; Nordin, M.; Lysholm, J.; Gillquist, J.",Surgical or conservative treatment of the acutely torn anterior cruciate ligament. A randomized study with short-term follow-up observations,1985,Clinical Orthopaedics and Related Research,Odensten,surgicalorconservativetreatmentoftheacutelytornanteriorcruciateligamentarandomizedstudywithshorttermfollowupobservations,
3136,Scopus,,"Noh, J.H.; Kyung, H.S.; Yoon, K.H.; Roh, Y.H.",Supplementary tibial fixation in anterior cruciate ligament reconstruction-Direct cortical fixation using spiked washer screw vs. post-tie using washer screw,2016,Acta Orthopaedica Belgica,Noh,supplementarytibialfixationinanteriorcruciateligamentreconstructiondirectcorticalfixationusingspikedwasherscrewvsposttieusingwasherscrew,
3142,Scopus,,"Colosimo, A.J.; Carroll, P.F.; Heidt, R.S.; Carlonas, R.L.",Simultaneous ACL and PCL reconstruction.,2003,The journal of knee surgery,Colosimo,simultaneousaclandpclreconstruction,
