,Authors,Article Title,Source Title,Publication Year,DOI
0,"Zhang, Q; Zhang, S; Cao, XC; Liu, LF; Liu, Y; Li, R",The effect of remnant preservation on tibial tunnel enlargement in ACL reconstruction with hamstring autograft: a prospective randomized controlled trial,KNEE SURGERY SPORTS TRAUMATOLOGY ARTHROSCOPY,2014,10.1007/s00167-012-2341-7
1,"Smith, PA; Cook, CS; Bley, JA",All-Inside Quadrupled Semitendinosus Autograft Shows Stability Equivalent to Patellar Tendon Autograft Anterior Cruciate Ligament Reconstruction: Randomized Controlled Trial in Athletes 24 Years or Younger,ARTHROSCOPY-THE JOURNAL OF ARTHROSCOPIC AND RELATED SURGERY,2020,10.1016/j.arthro.2020.01.048
2,"Mutsuzaki, H; Kinugasa, T; Ikeda, K; Sakane, M",Anatomic single-bundle anterior cruciate ligament reconstruction using a calcium phosphate-hybridized tendon graft: a randomized controlled trial with 2years of follow-up,JOURNAL OF ORTHOPAEDIC SURGERY AND RESEARCH,2018,10.1186/s13018-018-1045-1
3,"Lund, B; Nielsen, T; Fauno, P; Christiansen, SE; Lind, M",Is Quadriceps Tendon a Better Graft Choice Than Patellar Tendon? A Prospective Randomized Study,ARTHROSCOPY-THE JOURNAL OF ARTHROSCOPIC AND RELATED SURGERY,2014,10.1016/j.arthro.2014.01.012
4,"Chahal, J; Whelan, DB; Hoit, G; Theodoropoulos, J; Ajrawat, P; Betsch, M; Docter, S; Dwyer, T",Anterior Cruciate Ligament Patellar Tendon Autograft Fixation at 0∞ Versus 30∞ Results in Improved Activity Scores and a Greater Proportion of Patients Achieving the Minimal Clinical Important Difference For Knee Injury and Osteoarthritis Outcome Score Pain: A Randomized Controlled Trial,ARTHROSCOPY-THE JOURNAL OF ARTHROSCOPIC AND RELATED SURGERY,2022,10.1016/j.arthro.2021.12.018
5,"Mohtadi, N; Chan, D; Barber, R; Paolucci, EO","A Randomized Clinical Trial Comparing Patellar Tendon, Hamstring Tendon, and Double-Bundle ACL Reconstructions: Patient-Reported and Clinical Outcomes at a Minimal 2-Year Follow-up",CLINICAL JOURNAL OF SPORT MEDICINE,2015,10.1097/JSM.0000000000000165
6,"Bottoni, CR; Liddell, TR; Trainor, TJ; Freccero, DM; Lindell, KK","Postoperative range of motion following anterior cruciate ligament reconstruction using autograft hamstrings - A prospective, randomized clinical trial of early versus delayed reconstructions",AMERICAN JOURNAL OF SPORTS MEDICINE,2008,10.1177/0363546507312164
7,"Balasingam, S; Karikis, I; RostgÂrd-Christensen, L; Desai, N; AhldÈn, M; Sernert, N; Kartus, J",Anatomic Double-Bundle Anterior Cruciate Ligament Reconstruction Is Not Superior to Anatomic Single-Bundle Reconstruction at 10-Year Follow-up: A Randomized Clinical Trial,AMERICAN JOURNAL OF SPORTS MEDICINE,2022,10.1177/03635465221128566
8,"J‰rvel‰, T; Moisala, AS; Sihvonen, R; J‰rvel‰, S; Kannus, P; J‰rvinen, M",Double-bundle anterior cruciate ligament reconstruction using hamstring autografts and bioabsorbable interference screw fixation,AMERICAN JOURNAL OF SPORTS MEDICINE,2008,10.1177/0363546507308360
9,"Ejerhed, L; Kartus, J; Sernert, N; Kˆhler, K; Karlsson, J",Patellar tendon or semitendinosus tendon autografts for anterior cruciate ligament reconstruction?: A prospective randomized study with a two-year follow-up,AMERICAN JOURNAL OF SPORTS MEDICINE,2003,10.1177/03635465030310011401
10,"Sajovic, M; Strahovnik, A; Dernovsek, MZ; Skaza, K",Quality of Life and Clinical Outcome Comparison of Semitendinosus and Gracilis Tendon Versus Patellar Tendon Autografts for Anterior Cruciate Ligament Reconstruction An 11-Year Follow-up of a Randomized Controlled Trial,AMERICAN JOURNAL OF SPORTS MEDICINE,2011,10.1177/0363546511411702
11,"Koga, H; Muneta, T; Yagishita, K; Watanabe, T; Mochizuki, T; Horie, M; Nakamura, T; Otabe, K; Sekiya, I",Mid- to Long-term Results of Single-Bundle Versus Double-Bundle Anterior Cruciate Ligament Reconstruction: Randomized Controlled Trial,ARTHROSCOPY-THE JOURNAL OF ARTHROSCOPIC AND RELATED SURGERY,2015,10.1016/j.arthro.2014.07.020
12,"Mutsuzaki, H; Kanamori, A; Ikeda, K; Hioki, S; Kinugasa, T; Sakane, M",Effect of Calcium Phosphate-Hybridized Tendon Graft in Anterior Cruciate Ligament Reconstruction A Randomized Controlled Trial,AMERICAN JOURNAL OF SPORTS MEDICINE,2012,10.1177/0363546512449618
13,"Hill, PF; Russell, VJ; Salmon, LJ; Pinczewski, LA",The influence of supplementary tibial fixation on laxity measurements after anterior cruciate ligament reconstruction with hamstring tendons in female patients,AMERICAN JOURNAL OF SPORTS MEDICINE,2005,10.1177/0363546504268036
14,"Matsumoto, A; Yoshiya, S; Muratsu, H; Yagi, M; Iwasaki, Y; Kurosaka, M; Kuroda, R",A comparison of bone-patellar tendon-bone and bone-hamstring tendon-bone autografts for anterior cruciate ligament reconstruction,AMERICAN JOURNAL OF SPORTS MEDICINE,2006,10.1177/0363546505279919
15,"Nau, T; Lavoie, P; Duval, N",A new generation of artificial ligaments in reconstruction of the anterior cruciate ligament - Two-year follow-up of a randomised trial,JOURNAL OF BONE AND JOINT SURGERY-BRITISH VOLUME,2002,10.1302/0301-620X.84B3.12400
16,"Halinen, J; Lindahl, J; Hirvensalo, E; Santavirta, S",Operative and nonoperative treatments of medial collateral ligament rupture with early anterior cruciate ligament reconstruction - A prospective randomized study,AMERICAN JOURNAL OF SPORTS MEDICINE,2006,10.1177/0363546505284889
17,"Holm, I; Oiestad, BE; Risberg, MA; Aune, AK",No Difference in Knee Function or Prevalence of Osteoarthritis After Reconstruction of the Anterior Cruciate Ligament With 4-Strand Hamstring Autograft Versus Patellar Tendon-Bone Autograft A Randomized Study With 10-Year Follow-up,AMERICAN JOURNAL OF SPORTS MEDICINE,2010,10.1177/0363546509350301
18,"Gohil, S; Annear, PO; Breidahl, W",Anterior cruciate ligament reconstruction using autologous double hamstrings:: a comparison of standard versus minimal debridement techniques using MRI to assess revascularisation -: A randomised prospective study with a one-year follow-up,JOURNAL OF BONE AND JOINT SURGERY-BRITISH VOLUME,2007,10.1302/0301-620X.89B9.19339
19,"Fauno, P; Kaalund, S",Tunnel widening after hamstring anterior cruciate ligament reconstruction is influenced by the type of graft fixation used: A prospective randomized study,ARTHROSCOPY-THE JOURNAL OF ARTHROSCOPIC AND RELATED SURGERY,2005,10.1016/j.arthro.2005.08.023
20,"LidÈn, M; Ejerhed, L; Sernert, N; Laxdal, G; Kartus, J","Patellar tendon or semitendinosus tendon autografts for anterior cruciate ligament reconstruction -: A prospective, randomized study with a 7-year follow-up",AMERICAN JOURNAL OF SPORTS MEDICINE,2007,10.1177/0363546506298275
21,"Zhao, JH; He, YH; Wang, JH",Double-bundle anterior cruciate ligament reconstruction: Four versus eight strands of hamstring tendon graft,ARTHROSCOPY-THE JOURNAL OF ARTHROSCOPIC AND RELATED SURGERY,2007,10.1016/j.arthro.2007.01.022
22,"Lui, PPY; Cheng, YY; Yung, SH; Hung, ASL; Chan, KM",A randomized controlled trial comparing bone mineral density changes of three different ACL reconstruction techniques,KNEE,2012,10.1016/j.knee.2012.02.005
23,"Konrads, C; Reppenhagen, S; Plumhoff, P; Hoberg, M; Rudert, M; Barthel, T",No significant difference in clinical outcome and knee stability between patellar tendon and semitendinosus tendon in anterior cruciate ligament reconstruction,ARCHIVES OF ORTHOPAEDIC AND TRAUMA SURGERY,2016,10.1007/s00402-015-2386-4
24,"Laxdal, G; Kartus, J; Eriksson, BI; FaxÈn, E; Sernert, N; Karlsson, J",Biodegradable and metallic interference screws in anterior cruciate ligament reconstruction surgery using hamstring tendon grafts -: Prospective randomized study of radiographic results and clinical outcome,AMERICAN JOURNAL OF SPORTS MEDICINE,2006,10.1177/0363546506288014
25,"Sajovic, M; Vengust, V; Komadina, R; Tavcar, R; Skaza, K","A prospective, randomized comparison of semitendinosus and gracilis tendon versus patellar tendon autografts for anterior cruciate ligament reconstruction - Five-year follow-up",AMERICAN JOURNAL OF SPORTS MEDICINE,2006,10.1177/0363546506290726
26,"Thompson, SM; Salmon, LJ; Waller, A; Linklater, J; Roe, JP; Pinczewski, LA",Twenty-Year Outcome of a Longitudinal Prospective Evaluation of Isolated Endoscopic Anterior Cruciate Ligament Reconstruction With Patellar Tendon or Hamstring Autograft,AMERICAN JOURNAL OF SPORTS MEDICINE,2016,10.1177/0363546516658041
27,"Hwang, DH; Shetty, GM; Kim, JI; Kwon, JH; Song, JK; MuÒoz, M; Lee, JS; Nha, KW",Does Press-Fit Technique Reduce Tunnel Volume Enlargement After Anterior Cruciate Ligament Reconstruction With Autologous Hamstring Tendons? A Prospective Randomized Computed Tomography Study,ARTHROSCOPY-THE JOURNAL OF ARTHROSCOPIC AND RELATED SURGERY,2013,10.1016/j.arthro.2012.07.007
28,"Oliveira, M; Lobo, P Jr; Imoto, AM; Santos, T; Borges, JHS; Nunes, P; Barin, FR; Damando, M; Peccin, MS",Unilateral Versus Bilateral Resistance Exercise in Postoperative Rehabilitation After ACL Reconstruction With Bone-Patellar Tendon-Bone Graft: A Randomized Controlled Trial,ORTHOPAEDIC JOURNAL OF SPORTS MEDICINE,2022,10.1177/23259671221088830
29,"Liu, SH; Li, H; Tao, HY; Sun, YY; Chen, SY; Chen, JW",A Randomized Clinical Trial to Evaluate Attached Hamstring Anterior Cruciate Ligament Graft Maturity With Magnetic Resonance Imaging,AMERICAN JOURNAL OF SPORTS MEDICINE,2018,10.1177/0363546517752918
30,"Stener, S; Ejerhed, L; Sernert, N; Laxdal, G; RostgÂrd-Christensen, L; Kartus, J","A Long-Term, Prospective, Randomized Study Comparing Biodegradable and Metal Interference Screws in Anterior Cruciate Ligament Reconstruction Surgery Radiographic Results and Clinical Outcome",AMERICAN JOURNAL OF SPORTS MEDICINE,2010,10.1177/0363546510361952
31,"Zhang, YH; Liu, SH; Chen, QY; Hu, YW; Sun, YY; Chen, JW",Maturity Progression of the Entire Anterior Cruciate Ligament Graft of Insertion-Preserved Hamstring Tendons by 5 Years: A Prospective Randomized Controlled Study Based on Magnetic Resonance Imaging Evaluation,AMERICAN JOURNAL OF SPORTS MEDICINE,2020,10.1177/0363546520951507
32,"Chen, TW; Zhang, P; Chen, JW; Hua, YH; Chen, SY",Long-Term Outcomes of Anterior Cruciate Ligament Reconstruction Using Either Synthetics With Remnant Preservation or Hamstring Autografts A 10-Year Longitudinal Study,AMERICAN JOURNAL OF SPORTS MEDICINE,2017,10.1177/0363546517721692
33,"Akelman, MR; Fadale, PD; Hulstyn, MJ; Shalvoy, RM; Garcia, A; Chin, KE; Duryea, J; Badger, GJ; Tung, GA; Fleming, BC",Effect of Matching or Overconstraining Knee Laxity During Anterior Cruciate Ligament Reconstruction on Knee Osteoarthritis and Clinical Outcomes: A Randomized Controlled Trial With 84-Month Follow-up,AMERICAN JOURNAL OF SPORTS MEDICINE,2016,10.1177/0363546516638387
34,"Martin-Alguacil, JL; Arroyo-Morales, M; Martin-Gomez, JL; Monje-Cabrera, IM; Abellan-Guillen, JF; Esparza-Ros, F; Lozano, ML; Cantarero-Villanueva, I",Strength recovery after anterior cruciate ligament reconstruction with quadriceps tendon versus hamstring tendon autografts in soccer players: A randomized controlled trial,KNEE,2018,10.1016/j.knee.2018.03.011
35,"Shelbourne, KD; Benner, R; Gray, T; Bauman, S","Range of Motion, Strength, and Function After ACL Reconstruction Using a Contralateral Patellar Tendon Graft",ORTHOPAEDIC JOURNAL OF SPORTS MEDICINE,2022,10.1177/23259671221138103
36,"Mohtadi, NG; Chan, DS","A Randomized Clinical Trial Comparing Patellar Tendon, Hamstring Tendon, and Double-Bundle ACL Reconstructions",JOURNAL OF BONE AND JOINT SURGERY-AMERICAN VOLUME,2019,10.2106/JBJS.18.01322
37,"Lu, C; Huang, X","The comparison of clinical efficacy of arthroscopic anterior cruciate ligament reconstruction via autologous bone-patellar tendon-bone, autologous hamstring tendon and allogeneic bone-patellar tendon-bone",INTERNATIONAL JOURNAL OF CLINICAL AND EXPERIMENTAL MEDICINE,2017,
38,"Boutsiadis, A; Panisset, JC; Devitt, BM; Mauris, F; Barthelemy, R; Barth, J",Anterior Laxity at 2 Years After Anterior Cruciate Ligament Reconstruction Is Comparable When Using Adjustable-Loop Suspensory Fixation and Interference Screw Fixation,AMERICAN JOURNAL OF SPORTS MEDICINE,2018,10.1177/0363546518784005
39,"Porter, M; Shadbolt, B",Modified Iliotibial Band Tenodesis Is Indicated to Correct Intraoperative Residual Pivot Shift After Anterior Cruciate Ligament Reconstruction Using an Autologous Hamstring Tendon Graft: A Prospective Randomized Controlled Trial,AMERICAN JOURNAL OF SPORTS MEDICINE,2020,10.1177/0363546520910148
40,"Dejour, D; Vanconcelos, W; Bonin, N; Saggin, PRF","Comparative study between mono-bundle bone-patellar tendon-bone, double-bundle hamstring and mono-bundle bone-patellar tendon-bone combined with a modified Lemaire extra-articular procedure in anterior cruciate ligament reconstruction",INTERNATIONAL ORTHOPAEDICS,2013,10.1007/s00264-012-1718-z
41,"Sacramento, SN; Magalhaes, E; Christel, P; Ingham, S; Fukuda, TY",A new technique in double-bundle anterior cruciate ligament reconstruction with implant-free tibial fixation,KNEE SURGERY SPORTS TRAUMATOLOGY ARTHROSCOPY,2016,10.1007/s00167-014-3430-6
42,"Elveos, MM; Drogset, JO; Engebretsen, L; Bronn, R; Lundemo, TO; Gifstad, T",Anterior Cruciate Ligament Reconstruction Using a Bone-Patellar Tendon-Bone Graft With and Without a Ligament Augmentation Device: A 25-Year Follow-up of a Prospective Randomized Controlled Trial,ORTHOPAEDIC JOURNAL OF SPORTS MEDICINE,2018,10.1177/2325967118808778
43,"Taylor, DC; DeBerardino, TM; Nelson, BJ; Duffey, M; Tenuta, J; Stoneman, PD; Sturdivant, RX; Mountcastle, S",Patellar Tendon Versus Hamstring Tendon Autografts for Anterior Cruciate Ligament Reconstruction A Randomized Controlled Trial Using Similar Femoral and Tibial Fixation Methods,AMERICAN JOURNAL OF SPORTS MEDICINE,2009,10.1177/0363546509339577
44,"Jansson, KA; Linko, E; Sandelin, J; Harilainen, A",A prospective randomized study of patellar versus hamstring tendon autografts for anterior cruciate ligament reconstruction,AMERICAN JOURNAL OF SPORTS MEDICINE,2003,10.1177/03635465030310010501
45,"Beynnon, BD; Uh, BS; Johnson, RJ; Abate, JA; Nichols, CE; Fleming, BC; Poole, AR; Roos, H","Rehabilitation after anterior cruciate ligament reconstruction - A prospective, randomized, double-blind comparison of programs administered over 2 different time intervals",AMERICAN JOURNAL OF SPORTS MEDICINE,2005,10.1177/0363546504268406
46,"Zhang, HZ; Chen, X; Ong, MTY; Lei, L; Zheng, LZ; Dai, BY; Tong, WX; Fu, BSC; Xu, JK; Yung, PSH; Qin, L",Current Advances of Artificial Ligaments for Anterior Cruciate Ligament Reconstruction: From Biocompatibility to Bioactivity,ENGINEERING,2025,10.1016/j.eng.2024.10.018
47,"Pinczewski, LA; Deehan, DJ; Salmon, LJ; Russell, VJ; Clingeleffer, A",A five-year comparison of patellar tendon versus four-strand hamstring tendon autograft for Arthroscopic reconstruction of the anterior cruciate ligament,AMERICAN JOURNAL OF SPORTS MEDICINE,2002,10.1177/03635465020300041201
48,"Barenius, B; Nordlander, M; Ponzer, S; Tidermark, J; Eriksson, K",Quality of Life and Clinical Outcome After Anterior Cruciate Ligament Reconstruction Using Patellar Tendon Graft or Quadrupled Semitendinosus Graft An 8-Year Follow-up of a Randomized Controlled Trial,AMERICAN JOURNAL OF SPORTS MEDICINE,2010,10.1177/0363546510369549
49,"Sekir, U; Gur, H; Akova, B",Early Versus Late Start of Isokinetic Hamstring-Strengthening Exercise After Anterior Cruciate Ligament Reconstruction With Patellar Tendon Graft,AMERICAN JOURNAL OF SPORTS MEDICINE,2010,10.1177/0363546509349490
50,"Endele, D; Jung, C; Becker, U; Bauer, G; Mauch, F",Anterior Cruciate Ligament Reconstruction With and Without Computer Navigation: A Clinical and Magnetic Resonance Imaging Evaluation 2 Years After Surgery,ARTHROSCOPY-THE JOURNAL OF ARTHROSCOPIC AND RELATED SURGERY,2009,10.1016/j.arthro.2009.05.016
51,"Huang, MH; Yang, RC; Chou, PH",Preliminary effects of hyaluronic acid on early rehabilitation of patients with isolated anterior cruciate ligament reconstruction,CLINICAL JOURNAL OF SPORT MEDICINE,2007,10.1097/JSM.0b013e31812570fa
52,"Harris, K; Driban, JB; Sitler, MR; Cattano, NM; Hootman, JM",Five-Year Clinical Outcomes of a Randomized Trial of Anterior Cruciate Ligament Treatment Strategies: An Evidence-Based Practice Paper,JOURNAL OF ATHLETIC TRAINING,2015,10.4085/1062-6050-49.3.53
53,"Runer, A; Keeling, L; Wagala, N; Nugraha, H; ÷zbek, EA; Hughes, JD; Musahl, V","Current trends in graft choice for primary anterior cruciate ligament reconstruction - part II: In-vivo kinematics, patient reported outcomes, re-rupture rates, strength recovery, return to sports and complications",JOURNAL OF EXPERIMENTAL ORTHOPAEDICS,2023,10.1186/s40634-023-00601-3
54,"Borges, JHD; Oliveira, M; Lobo, P; Machado, RD; Lima, R; Ramos, LA; Cohen, M",Is contralateral autogenous patellar tendon graft a better choice than ipsilateral for anterior cruciate ligament reconstruction in young sportsmen? A randomized controlled trial,KNEE,2022,10.1016/j.knee.2022.03.015
55,"Barenius, B; Ponzer, S; Shalabi, A; Bujak, R; NorlÈn, L; Eriksson, K",Increased Risk of Osteoarthritis After Anterior Cruciate Ligament Reconstruction A 14-Year Follow-up Study of a Randomized Controlled Trial,AMERICAN JOURNAL OF SPORTS MEDICINE,2014,10.1177/0363546514526139
56,"McRae, S; Leiter, J; McCormack, R; Old, J; MacDonald, P",Ipsilateral Versus Contralateral Hamstring Grafts in Anterior Cruciate Ligament Reconstruction A Prospective Randomized Trial,AMERICAN JOURNAL OF SPORTS MEDICINE,2013,10.1177/0363546513499140
57,"Cantin, O; Lustig, S; Rongieras, F; Saragaglia, D; LefËvre, N; Graveleau, N; Hulet, C",Outcome of cartilage at 12 years of follow-up after anterior cruciate ligament reconstruction,ORTHOPAEDICS & TRAUMATOLOGY-SURGERY & RESEARCH,2016,10.1016/j.otsr.2016.06.011
58,"Lecoq, FA; Parienti, JJ; Murison, J; Ruiz, N; Bouacida, K; Besse, J; Morin, V; Padiolleau, G; Cucurulo, T; Graveleau, N; Hulet, C",Graft Choice and the Incidence of Osteoarthritis After Anterior Cruciate Ligament Reconstruction A Causal Analysis From a Cohort of 541 Patients,AMERICAN JOURNAL OF SPORTS MEDICINE,2018,10.1177/0363546518795137
59,"Sasaki, S; Tsuda, E; Hiraga, Y; Yamamoto, Y; Maeda, S; Sasaki, E; Ishibashi, Y",Prospective Randomized Study of Objective and Subjective Clinical Results Between Double-Bundle and Single-Bundle Anterior Cruciate Ligament Reconstruction,AMERICAN JOURNAL OF SPORTS MEDICINE,2016,10.1177/0363546515624471
60,"Sonnery-Cottet, B; Pioger, C; Vieira, TD; Franck, F; Kajetanek, C; Fayard, JM; Thaunat, M; Saithna, A",Combined ACL and Anterolateral Reconstruction Is Not Associated With a Higher Risk of Adverse Outcomes: Preliminary Results From the SANTI Randomized Controlled Trial,ORTHOPAEDIC JOURNAL OF SPORTS MEDICINE,2020,10.1177/2325967120918490
61,"Mayr, HO; St¸eken, P; M¸nch, EO; Wolter, M; Bernstein, A; Suedkamp, NP; Stoehr, A",Brace or no-brace after ACL graft? Four-year results of a prospective clinical trial,KNEE SURGERY SPORTS TRAUMATOLOGY ARTHROSCOPY,2014,10.1007/s00167-013-2564-2
62,"Walters, BL; Porter, DA; Hobart, SJ; Bedford, BB; Hogan, DE; McHugh, MM; Klein, DA; Harousseau, K; Nicholas, SJ",Effect of Intraoperative Platelet-Rich Plasma Treatment on Postoperative Donor Site Knee Pain in Patellar Tendon Autograft Anterior Cruciate Ligament Reconstruction A Double-Blind Randomized Controlled Trial,AMERICAN JOURNAL OF SPORTS MEDICINE,2018,10.1177/0363546518769295
63,"Anz, AW; Jordan, SE; Ostrander, RV III; Branch, EA; Denney, TS; Cohen, A; Andrews, JR",Augmentation of ACL Autograft Reconstruction With an Amnion Collagen Matrix Wrap and Bone Marrow Aspirate Concentrate: A Pilot Randomized Controlled Trial With 2-Year Follow-up,ORTHOPAEDIC JOURNAL OF SPORTS MEDICINE,2023,10.1177/23259671231210035
64,"Fithian, DC; Paxton, EW; Stone, ML; Luetzow, WF; Csintalan, RP; Phelan, D; Daniel, DM",Prospective trial of a treatment algorithm for the management of the anterior cruciate ligament-injured knee,AMERICAN JOURNAL OF SPORTS MEDICINE,2005,10.1177/0363546504269590
65,"Feil, S; Newell, J; Minogue, C; Paessler, HH","The Effectiveness of Supplementing a Standard Rehabilitation Program With Superimposed Neuromuscular Electrical Stimulation After Anterior Cruciate Ligament Reconstruction A Prospective, Randomized, Single-Blind Study",AMERICAN JOURNAL OF SPORTS MEDICINE,2011,10.1177/0363546510396180
66,"Fleming, BC; Fadale, PD; Hulstyn, MJ; Shalvoy, RM; Oksendahl, HL; Badger, GJ; Tung, GA",The Effect of Initial Graft Tension After Anterior Cruciate Ligament Reconstruction A Randomized Clinical Trial With 36-Month Follow-up,AMERICAN JOURNAL OF SPORTS MEDICINE,2013,10.1177/0363546512464200
67,"Costa, MQ; Badger, GJ; Chrostek, CA; Carvalho, OD; Faiola, SL; Fadale, PD; Hulstyn, MJ; Gil, HC; Shalvoy, RM; Fleming, BC",Effects of Initial Graft Tension and Patient Sex on Knee Osteoarthritis Outcomes After ACL Reconstruction: A Randomized Controlled Clinical Trial With 10-to 12-Year Follow-up,AMERICAN JOURNAL OF SPORTS MEDICINE,2022,10.1177/03635465221124917
68,"Chen, TW; Zhang, P; Li, YX; Webster, K; Zhang, J; Yao, W; Yin, Y; Ai, CC; Chen, SY","Translation, cultural adaptation and validation of simplified Chinese version of the anterior cruciate ligament return to sport after injury (ACL-RSI) scale",PLOS ONE,2017,10.1371/journal.pone.0183095
69,"Mayr, HO; Hochrein, A; Hein, W; Hube, R; Bernstein, A",Rehabilitation results following anterior cruciate ligament reconstruction using a hard brace compared to a fluid-filled soft brace,KNEE,2010,10.1016/j.knee.2009.07.002
70,"Frobell, RB; Roos, EM; Roos, HP; Ranstam, J; Lohmander, LS",A Randomized Trial of Treatment for Acute Anterior Cruciate Ligament Tears,NEW ENGLAND JOURNAL OF MEDICINE,2010,10.1056/NEJMoa0907797
71,"Jagodzinski, M; Geiges, B; von Falck, C; Knobloch, K; Haasper, C; Brand, J; Hankemeier, S; Krettek, C; Meller, R",Biodegradable Screw Versus a Press-Fit Bone Plug Fixation for Hamstring Anterior Cruciate Ligament Reconstruction A Prospective Randomized Study,AMERICAN JOURNAL OF SPORTS MEDICINE,2010,10.1177/0363546509350325
72,"Kostogiannis, L; Ageberg, E; Neuman, P; Dahlberg, L; FridÈn, T; Roos, H","Activity level and subjective knee function 15 years after anterior Cruciate ligament injury -: A prospective, longitudinal study of non reconstructed patients",AMERICAN JOURNAL OF SPORTS MEDICINE,2007,10.1177/0363546507299238
73,"Darabos, N; Haspl, M; Moser, C; Darabos, A; Bartolek, D; Groenemeyer, D",Intraarticular application of autologous conditioned serum (ACS) reduces bone tunnel widening after ACL reconstructive surgery in a randomized controlled trial,KNEE SURGERY SPORTS TRAUMATOLOGY ARTHROSCOPY,2011,10.1007/s00167-011-1458-4
74,"Fukuda, TY; Fingerhut, D; Moreira, VC; Camarini, PMF; Scodeller, NF; Duarte, A; Martinelli, M; Bryk, FF",Open Kinetic Chain Exercises in a Restricted Range of Motion After Anterior Cruciate Ligament Reconstruction A Randomized Controlled Clinical Trial,AMERICAN JOURNAL OF SPORTS MEDICINE,2013,10.1177/0363546513476482
75,"Porter, M; Shadbolt, B; Ye, X; Stuart, R",Ankle Lateral Ligament Augmentation Versus the Modified Brostrom-Gould Procedure: A 5-Year Randomized Controlled Trial,AMERICAN JOURNAL OF SPORTS MEDICINE,2019,10.1177/0363546518820529
76,"Beaudoin, A; Ogborn, D; McRae, S; Larose, G; Brown, H; McCormack, R; MacDonald, P",No differences found in long-term outcomes of a randomized controlled trial comparing ipsilateral versus contralateral hamstring graft in ACL reconstruction,KNEE SURGERY SPORTS TRAUMATOLOGY ARTHROSCOPY,2022,10.1007/s00167-022-06980-x
0,"Arneja, S; Froese, W; MacDonald, P",Augmentation of femoral fixation in hamstring anterior cruciate ligament reconstruction with a bioabsorbable bead - A prospective single-blind randomized clinical trial,AMERICAN JOURNAL OF SPORTS MEDICINE,2004,10.1177/0095399703258675
1,"Matsumoto, T; Kuroda, R; Matsushita, T; Araki, D; Hoshino, Y; Nagamune, K; Kurosaka, M",Reduction of Tunnel Enlargement With Use of Autologous Ruptured Tissue in Anterior Cruciate Ligament Reconstruction: A Pilot Clinical Trial,ARTHROSCOPY-THE JOURNAL OF ARTHROSCOPIC AND RELATED SURGERY,2014,10.1016/j.arthro.2013.12.014
2,"Koga, H; Muneta, T; Yagishita, K; Watanabe, T; Mochizuki, T; Horie, M; Nakamura, T; Otabe, K; Sekiya, I",Effect of Posterolateral Bundle Graft Fixation Angles on Clinical Outcomes in Double-Bundle Anterior Cruciate Ligament Reconstruction A Randomized Controlled Trial,AMERICAN JOURNAL OF SPORTS MEDICINE,2015,10.1177/0363546514567069
3,"Birmingham, TB; Bryant, DM; Giffin, JR; Litchfield, RB; Kramer, JF; Donner, A; Fowler, PJ",A randomized controlled trial comparing the effectiveness of functional knee brace and neoprene sleeve use after anterior cruciate ligament reconstruction,AMERICAN JOURNAL OF SPORTS MEDICINE,2008,10.1177/0363546507311601
4,"Kulinski, K; Wasko, MK; Trams, E; Malesa, K; Pomianowski, S; Kaminski, R","Anterior Cruciate Ligament Reconstruction Using a 4-Strand Semitendinosus Tendon Graft or a Doubled Semitendinosus and Gracilis Tendon Graft: A 4.5-Year Prospective, Randomized, Double-Blind, Parallel-Group Study",AMERICAN JOURNAL OF SPORTS MEDICINE,2023,10.1177/03635465221149738
5,"Zhang, Q; Zhang, S; Cao, XC; Liu, LF; Liu, Y; Li, R",The effect of remnant preservation on tibial tunnel enlargement in ACL reconstruction with hamstring autograft: a prospective randomized controlled trial,KNEE SURGERY SPORTS TRAUMATOLOGY ARTHROSCOPY,2014,10.1007/s00167-012-2341-7
6,"Smith, PA; Cook, CS; Bley, JA",All-Inside Quadrupled Semitendinosus Autograft Shows Stability Equivalent to Patellar Tendon Autograft Anterior Cruciate Ligament Reconstruction: Randomized Controlled Trial in Athletes 24 Years or Younger,ARTHROSCOPY-THE JOURNAL OF ARTHROSCOPIC AND RELATED SURGERY,2020,10.1016/j.arthro.2020.01.048
7,"Bottoni, CR; Liddell, TR; Trainor, TJ; Freccero, DM; Lindell, KK","Postoperative range of motion following anterior cruciate ligament reconstruction using autograft hamstrings - A prospective, randomized clinical trial of early versus delayed reconstructions",AMERICAN JOURNAL OF SPORTS MEDICINE,2008,10.1177/0363546507312164
8,"Mohtadi, N; Chan, D; Barber, R; Paolucci, EO","A Randomized Clinical Trial Comparing Patellar Tendon, Hamstring Tendon, and Double-Bundle ACL Reconstructions: Patient-Reported and Clinical Outcomes at a Minimal 2-Year Follow-up",CLINICAL JOURNAL OF SPORT MEDICINE,2015,10.1097/JSM.0000000000000165
9,"Balasingam, S; Karikis, I; Rostg√•rd-Christensen, L; Desai, N; Ahld√©n, M; Sernert, N; Kartus, J",Anatomic Double-Bundle Anterior Cruciate Ligament Reconstruction Is Not Superior to Anatomic Single-Bundle Reconstruction at 10-Year Follow-up: A Randomized Clinical Trial,AMERICAN JOURNAL OF SPORTS MEDICINE,2022,10.1177/03635465221128566
10,"J√§rvel√§, T; Moisala, AS; Sihvonen, R; J√§rvel√§, S; Kannus, P; J√§rvinen, M",Double-bundle anterior cruciate ligament reconstruction using hamstring autografts and bioabsorbable interference screw fixation,AMERICAN JOURNAL OF SPORTS MEDICINE,2008,10.1177/0363546507308360
11,"MacDonald, P; Kim, C; McRae, S; Leiter, J; Khan, R; Whelan, D","No clinical differences between anteromedial portal and transtibial technique for femoral tunnel positioning in anterior cruciate ligament reconstruction: a prospective randomized, controlled trial",KNEE SURGERY SPORTS TRAUMATOLOGY ARTHROSCOPY,2018,10.1007/s00167-017-4664-x
12,"Ejerhed, L; Kartus, J; Sernert, N; K√∂hler, K; Karlsson, J",Patellar tendon or semitendinosus tendon autografts for anterior cruciate ligament reconstruction?: A prospective randomized study with a two-year follow-up,AMERICAN JOURNAL OF SPORTS MEDICINE,2003,10.1177/03635465030310011401
13,"Koga, H; Muneta, T; Yagishita, K; Watanabe, T; Mochizuki, T; Horie, M; Nakamura, T; Otabe, K; Sekiya, I",Mid- to Long-term Results of Single-Bundle Versus Double-Bundle Anterior Cruciate Ligament Reconstruction: Randomized Controlled Trial,ARTHROSCOPY-THE JOURNAL OF ARTHROSCOPIC AND RELATED SURGERY,2015,10.1016/j.arthro.2014.07.020
14,"Mutsuzaki, H; Kanamori, A; Ikeda, K; Hioki, S; Kinugasa, T; Sakane, M",Effect of Calcium Phosphate-Hybridized Tendon Graft in Anterior Cruciate Ligament Reconstruction A Randomized Controlled Trial,AMERICAN JOURNAL OF SPORTS MEDICINE,2012,10.1177/0363546512449618
15,"Sajovic, M; Strahovnik, A; Dernovsek, MZ; Skaza, K",Quality of Life and Clinical Outcome Comparison of Semitendinosus and Gracilis Tendon Versus Patellar Tendon Autografts for Anterior Cruciate Ligament Reconstruction An 11-Year Follow-up of a Randomized Controlled Trial,AMERICAN JOURNAL OF SPORTS MEDICINE,2011,10.1177/0363546511411702
16,"Karikis, I; Desai, N; Sernert, N; Rostgard-Christensen, L; Kartus, J",Comparison of Anatomic Double- and Single-Bundle Techniques for Anterior Cruciate Ligament Reconstruction Using Hamstring Tendon Autografts A Prospective Randomized Study With 5-Year Clinical and Radiographic Follow-up,AMERICAN JOURNAL OF SPORTS MEDICINE,2016,10.1177/0363546515626543
17,"Bohn, MB; Sorensen, H; Petersen, MK; Soballe, K; Lind, M",Rotational laxity after anatomical ACL reconstruction measured by 3-D motion analysis: a prospective randomized clinical trial comparing anatomic and nonanatomic ACL reconstruction techniques,KNEE SURGERY SPORTS TRAUMATOLOGY ARTHROSCOPY,2015,10.1007/s00167-014-3156-5
18,"Hill, PF; Russell, VJ; Salmon, LJ; Pinczewski, LA",The influence of supplementary tibial fixation on laxity measurements after anterior cruciate ligament reconstruction with hamstring tendons in female patients,AMERICAN JOURNAL OF SPORTS MEDICINE,2005,10.1177/0363546504268036
19,"Muneta, T; Koga, H; Mochizuki, T; Ju, YJ; Hara, K; Nimura, A; Yagishita, K; Sekiya, I",A prospective randomized study of 4-strand semitendinosus tendon anterior cruciate ligament reconstruction comparing single-bundle and double-bundle techniques,ARTHROSCOPY-THE JOURNAL OF ARTHROSCOPIC AND RELATED SURGERY,2007,10.1016/j.arthro.2007.04.010
20,"Drocco, L; Camazzola, D; Ferracini, R; Lustig, S; Ravera, L; Graziano, E; Mass√®, A; Bistolfi, A",Tripled semitendinosus with single harvesting is as effective but less invasive compared to standard gracilis-semitendinosus harvesting,MLTJ-MUSCLES LIGAMENTS AND TENDONS JOURNAL,2017,10.11138/mltj/2017.7.4.564
21,"Matsumoto, A; Yoshiya, S; Muratsu, H; Yagi, M; Iwasaki, Y; Kurosaka, M; Kuroda, R",A comparison of bone-patellar tendon-bone and bone-hamstring tendon-bone autografts for anterior cruciate ligament reconstruction,AMERICAN JOURNAL OF SPORTS MEDICINE,2006,10.1177/0363546505279919
22,"Holm, I; Oiestad, BE; Risberg, MA; Aune, AK",No Difference in Knee Function or Prevalence of Osteoarthritis After Reconstruction of the Anterior Cruciate Ligament With 4-Strand Hamstring Autograft Versus Patellar Tendon-Bone Autograft A Randomized Study With 10-Year Follow-up,AMERICAN JOURNAL OF SPORTS MEDICINE,2010,10.1177/0363546509350301
23,"Gohil, S; Annear, PO; Breidahl, W",Anterior cruciate ligament reconstruction using autologous double hamstrings:: a comparison of standard versus minimal debridement techniques using MRI to assess revascularisation -: A randomised prospective study with a one-year follow-up,JOURNAL OF BONE AND JOINT SURGERY-BRITISH VOLUME,2007,10.1302/0301-620X.89B9.19339
24,"Liu, YL; Cui, GQ; Yan, H; Yang, YP; Ao, YF","Comparison Between Single- and Double-Bundle Anterior Cruciate Ligament Reconstruction With 6-to 8-Stranded Hamstring Autograft: A Prospective, Randomized Clinical Trial",AMERICAN JOURNAL OF SPORTS MEDICINE,2016,10.1177/0363546516650876
25,"Kim, JG; Kang, SH; Kim, JH; Lim, CO; Wang, JH","Comparison of Clinical Results, Second-Look Arthroscopic Findings, and MRI Findings Between the Transportal and Outside-In Techniques for Double-Bundle Anatomic Anterior Cruciate Ligament Reconstruction A Prospective, Randomized Controlled Trial With a Minimum 2-Year Follow-up",AMERICAN JOURNAL OF SPORTS MEDICINE,2018,10.1177/0363546517744535
26,"Fauno, P; Kaalund, S",Tunnel widening after hamstring anterior cruciate ligament reconstruction is influenced by the type of graft fixation used: A prospective randomized study,ARTHROSCOPY-THE JOURNAL OF ARTHROSCOPIC AND RELATED SURGERY,2005,10.1016/j.arthro.2005.08.023
27,"Zhao, JH; He, YH; Wang, JH",Double-bundle anterior cruciate ligament reconstruction: Four versus eight strands of hamstring tendon graft,ARTHROSCOPY-THE JOURNAL OF ARTHROSCOPIC AND RELATED SURGERY,2007,10.1016/j.arthro.2007.01.022
28,"Sundaraj, K; Salmon, LJ; Heath, EL; Winalski, CS; Colak, C; Vasanji, A; Roe, JP; Pinczewski, LA","Bioabsorbable Versus Titanium Screws in Anterior Cruciate Ligament Reconstruction Using Hamstring Autograft: A Prospective, Randomized Controlled Trial With 13-Year Follow-up",AMERICAN JOURNAL OF SPORTS MEDICINE,2020,10.1177/0363546520911024
29,"Lid√©n, M; Ejerhed, L; Sernert, N; Laxdal, G; Kartus, J","Patellar tendon or semitendinosus tendon autografts for anterior cruciate ligament reconstruction -: A prospective, randomized study with a 7-year follow-up",AMERICAN JOURNAL OF SPORTS MEDICINE,2007,10.1177/0363546506298275
30,"Laxdal, G; Kartus, J; Eriksson, BI; Fax√©n, E; Sernert, N; Karlsson, J",Biodegradable and metallic interference screws in anterior cruciate ligament reconstruction surgery using hamstring tendon grafts -: Prospective randomized study of radiographic results and clinical outcome,AMERICAN JOURNAL OF SPORTS MEDICINE,2006,10.1177/0363546506288014
31,"Lui, PPY; Cheng, YY; Yung, SH; Hung, ASL; Chan, KM",A randomized controlled trial comparing bone mineral density changes of three different ACL reconstruction techniques,KNEE,2012,10.1016/j.knee.2012.02.005
32,"Fu, CLA; Yung, SHP; Law, KYB; Leung, KHH; Lui, PYP; Siu, HK; Chan, KM",The Effect of Early Whole-Body Vibration Therapy on Neuromuscular Control After Anterior Cruciate Ligament Reconstruction A Randomized Controlled Trial,AMERICAN JOURNAL OF SPORTS MEDICINE,2013,10.1177/0363546513476473
33,"Krishna, L; Chan, CX; Lokaiah, L; Chinnasamy, D; Goyal, S; Wang, MC; Singh, A",Five-Strand Versus Four-Strand Hamstring Autografts in Anterior Cruciate Ligament Reconstruction-A Prospective Randomized Controlled Study,ARTHROSCOPY-THE JOURNAL OF ARTHROSCOPIC AND RELATED SURGERY,2021,10.1016/j.arthro.2020.08.012
34,"Konrads, C; Reppenhagen, S; Plumhoff, P; Hoberg, M; Rudert, M; Barthel, T",No significant difference in clinical outcome and knee stability between patellar tendon and semitendinosus tendon in anterior cruciate ligament reconstruction,ARCHIVES OF ORTHOPAEDIC AND TRAUMA SURGERY,2016,10.1007/s00402-015-2386-4
35,"Grunau, PD; Arneja, S; Leith, JM",A Randomized Clinical Trial to Assess the Clinical Effectiveness of a Measured Objective Tensioning Device in Hamstring Anterior Cruciate Ligament Reconstruction,AMERICAN JOURNAL OF SPORTS MEDICINE,2016,10.1177/0363546516634021
36,"Stener, S; Ejerhed, L; Sernert, N; Laxdal, G; Rostg√•rd-Christensen, L; Kartus, J","A Long-Term, Prospective, Randomized Study Comparing Biodegradable and Metal Interference Screws in Anterior Cruciate Ligament Reconstruction Surgery Radiographic Results and Clinical Outcome",AMERICAN JOURNAL OF SPORTS MEDICINE,2010,10.1177/0363546510361952
37,"Thompson, SM; Salmon, LJ; Waller, A; Linklater, J; Roe, JP; Pinczewski, LA",Twenty-Year Outcome of a Longitudinal Prospective Evaluation of Isolated Endoscopic Anterior Cruciate Ligament Reconstruction With Patellar Tendon or Hamstring Autograft,AMERICAN JOURNAL OF SPORTS MEDICINE,2016,10.1177/0363546516658041
38,"Liu, SH; Li, H; Tao, HY; Sun, YY; Chen, SY; Chen, JW",A Randomized Clinical Trial to Evaluate Attached Hamstring Anterior Cruciate Ligament Graft Maturity With Magnetic Resonance Imaging,AMERICAN JOURNAL OF SPORTS MEDICINE,2018,10.1177/0363546517752918
39,"Hwang, DH; Shetty, GM; Kim, JI; Kwon, JH; Song, JK; Mu√±oz, M; Lee, JS; Nha, KW",Does Press-Fit Technique Reduce Tunnel Volume Enlargement After Anterior Cruciate Ligament Reconstruction With Autologous Hamstring Tendons? A Prospective Randomized Computed Tomography Study,ARTHROSCOPY-THE JOURNAL OF ARTHROSCOPIC AND RELATED SURGERY,2013,10.1016/j.arthro.2012.07.007
40,"Sajovic, M; Vengust, V; Komadina, R; Tavcar, R; Skaza, K","A prospective, randomized comparison of semitendinosus and gracilis tendon versus patellar tendon autografts for anterior cruciate ligament reconstruction - Five-year follow-up",AMERICAN JOURNAL OF SPORTS MEDICINE,2006,10.1177/0363546506290726
41,"Arama, Y; Salmon, LJ; Sri-Ram, K; Linklater, J; Roe, JP; Pinczewski, LA","Bioabsorbable Versus Titanium Screws in Anterior Cruciate Ligament Reconstruction Using Hamstring Autograft: A Prospective, Blinded, Randomized Controlled Trial With 5-Year Follow-up",AMERICAN JOURNAL OF SPORTS MEDICINE,2015,10.1177/0363546515588926
42,"Zhang, SR; Wen, AZ; Li, SK; Yao, W; Liu, C; Lin, ZF; Jin, ZB; Chen, JW; Hua, YH; Chen, SY; Li, YX",Radial Extracorporeal Shock Wave Therapy Enhances Graft Maturation at 2-Year Follow-up After ACL Reconstruction: A Randomized Controlled Trial,ORTHOPAEDIC JOURNAL OF SPORTS MEDICINE,2022,10.1177/23259671221116340
43,"Oliveira, M; Lobo, P Jr; Imoto, AM; Santos, T; Borges, JHS; Nunes, P; Barin, FR; Damando, M; Peccin, MS",Unilateral Versus Bilateral Resistance Exercise in Postoperative Rehabilitation After ACL Reconstruction With Bone-Patellar Tendon-Bone Graft: A Randomized Controlled Trial,ORTHOPAEDIC JOURNAL OF SPORTS MEDICINE,2022,10.1177/23259671221088830
44,"Zhang, YH; Liu, SH; Chen, QY; Hu, YW; Sun, YY; Chen, JW",Maturity Progression of the Entire Anterior Cruciate Ligament Graft of Insertion-Preserved Hamstring Tendons by 5 Years: A Prospective Randomized Controlled Study Based on Magnetic Resonance Imaging Evaluation,AMERICAN JOURNAL OF SPORTS MEDICINE,2020,10.1177/0363546520951507
45,"Chen, TW; Zhang, P; Chen, JW; Hua, YH; Chen, SY",Long-Term Outcomes of Anterior Cruciate Ligament Reconstruction Using Either Synthetics With Remnant Preservation or Hamstring Autografts A 10-Year Longitudinal Study,AMERICAN JOURNAL OF SPORTS MEDICINE,2017,10.1177/0363546517721692
46,"Karimi-Mobarakeh, M; Mardani-Kivi, M; Mortazavi, A; Saheb-Ekhtiari, K; Hashemi-Motlagh, K",Role of gracilis harvesting in four-strand hamstring tendon anterior cruciate ligament reconstruction: a double-blinded prospective randomized clinical trial,KNEE SURGERY SPORTS TRAUMATOLOGY ARTHROSCOPY,2015,10.1007/s00167-014-2890-z
47,"Akelman, MR; Fadale, PD; Hulstyn, MJ; Shalvoy, RM; Garcia, A; Chin, KE; Duryea, J; Badger, GJ; Tung, GA; Fleming, BC",Effect of Matching or Overconstraining Knee Laxity During Anterior Cruciate Ligament Reconstruction on Knee Osteoarthritis and Clinical Outcomes: A Randomized Controlled Trial With 84-Month Follow-up,AMERICAN JOURNAL OF SPORTS MEDICINE,2016,10.1177/0363546516638387
48,"Buda, R; Verni, E; Ferruzzi, A; Di Caprio, F; Giannini, S",Anterior cruciate ligament replacement with distally inserted doubled hamstring graft: prospective clinical and instrumental evaluation,MEDICINA DELLO SPORT,2005,
49,"Martin-Alguacil, JL; Arroyo-Morales, M; Martin-Gomez, JL; Monje-Cabrera, IM; Abellan-Guillen, JF; Esparza-Ros, F; Lozano, ML; Cantarero-Villanueva, I",Strength recovery after anterior cruciate ligament reconstruction with quadriceps tendon versus hamstring tendon autografts in soccer players: A randomized controlled trial,KNEE,2018,10.1016/j.knee.2018.03.011
50,"van der List, JP; Vermeijden, HD; Sierevelt, IN; Rademakers, MV; Falke, MLM; Helmerhorst, GTT; Hoogeslag, RAG; van der Wal, WA; van Noort, A; Kerkhoffs, GMMJ",Repair versus reconstruction for proximal anterior cruciate ligament tears: a study protocol for a prospective multicenter randomized controlled trial,BMC MUSCULOSKELETAL DISORDERS,2021,10.1186/s12891-021-04280-y
51,"Shelbourne, KD; Benner, R; Gray, T; Bauman, S","Range of Motion, Strength, and Function After ACL Reconstruction Using a Contralateral Patellar Tendon Graft",ORTHOPAEDIC JOURNAL OF SPORTS MEDICINE,2022,10.1177/23259671221138103
52,"Mohtadi, NG; Chan, DS","A Randomized Clinical Trial Comparing Patellar Tendon, Hamstring Tendon, and Double-Bundle ACL Reconstructions",JOURNAL OF BONE AND JOINT SURGERY-AMERICAN VOLUME,2019,10.2106/JBJS.18.01322
53,"Boutsiadis, A; Panisset, JC; Devitt, BM; Mauris, F; Barthelemy, R; Barth, J",Anterior Laxity at 2 Years After Anterior Cruciate Ligament Reconstruction Is Comparable When Using Adjustable-Loop Suspensory Fixation and Interference Screw Fixation,AMERICAN JOURNAL OF SPORTS MEDICINE,2018,10.1177/0363546518784005
54,"Porter, M; Shadbolt, B",Modified Iliotibial Band Tenodesis Is Indicated to Correct Intraoperative Residual Pivot Shift After Anterior Cruciate Ligament Reconstruction Using an Autologous Hamstring Tendon Graft: A Prospective Randomized Controlled Trial,AMERICAN JOURNAL OF SPORTS MEDICINE,2020,10.1177/0363546520910148
55,"Mousavi, SH; Radi, M; Kazemi, D; Izadpanah, F; Shahrouzian, A",Evaluation the results of anterior cruciate ligament reconstruction with or without using antibiotic solution during graft preparation,EUROPEAN JOURNAL OF ORTHOPAEDIC SURGERY AND TRAUMATOLOGY,2023,10.1007/s00590-023-03522-0
56,"Lu, C; Huang, X","The comparison of clinical efficacy of arthroscopic anterior cruciate ligament reconstruction via autologous bone-patellar tendon-bone, autologous hamstring tendon and allogeneic bone-patellar tendon-bone",INTERNATIONAL JOURNAL OF CLINICAL AND EXPERIMENTAL MEDICINE,2017,
57,"Sacramento, SN; Magalhaes, E; Christel, P; Ingham, S; Fukuda, TY",A new technique in double-bundle anterior cruciate ligament reconstruction with implant-free tibial fixation,KNEE SURGERY SPORTS TRAUMATOLOGY ARTHROSCOPY,2016,10.1007/s00167-014-3430-6
58,"Taylor, DC; DeBerardino, TM; Nelson, BJ; Duffey, M; Tenuta, J; Stoneman, PD; Sturdivant, RX; Mountcastle, S",Patellar Tendon Versus Hamstring Tendon Autografts for Anterior Cruciate Ligament Reconstruction A Randomized Controlled Trial Using Similar Femoral and Tibial Fixation Methods,AMERICAN JOURNAL OF SPORTS MEDICINE,2009,10.1177/0363546509339577
59,"Zhang, HZ; Chen, X; Ong, MTY; Lei, L; Zheng, LZ; Dai, BY; Tong, WX; Fu, BSC; Xu, JK; Yung, PSH; Qin, L",Current Advances of Artificial Ligaments for Anterior Cruciate Ligament Reconstruction: From Biocompatibility to Bioactivity,ENGINEERING,2025,10.1016/j.eng.2024.10.018
60,"Dejour, D; Vanconcelos, W; Bonin, N; Saggin, PRF","Comparative study between mono-bundle bone-patellar tendon-bone, double-bundle hamstring and mono-bundle bone-patellar tendon-bone combined with a modified Lemaire extra-articular procedure in anterior cruciate ligament reconstruction",INTERNATIONAL ORTHOPAEDICS,2013,10.1007/s00264-012-1718-z
61,"Ashraf, Y; Senevirathna, SR; Ashraf, T",Conventional versus 'all-inside' anterior cruciate ligament reconstruction: a randomized controlled trial comparing hamstring strength and functional outcome,BONE & JOINT OPEN,2020,10.1302/2633-1462.111.BJO-2020.0012.R1
62,"DE Melo, RFV; Komatsu, WR; DE Freitas, MS; DE Melo, MEV; Cohen, M",COMPARISON OF QUADRICEPS AND HAMSTRING MUSCLE STRENGTH AFTER EXERCISES WITH AND WITHOUT BLOOD FLOW RESTRICTION FOLLOWING ANTERIOR CRUCIATE LIGAMENT SURGERY: A RANDOMIZED CONTROLLED TRIAL,JOURNAL OF REHABILITATION MEDICINE,2022,10.2340/jrm.v54.2550
63,"Zeman, P; Kautzner, J; Havel, O; Matejka, J; Pavelka, T; Havlas, V",Anatomical All-Inside Anterior Cruciate Ligament Reconstruction Using Quadrupled Semitendinosus Tendon Graft with Posteromedial Harvest - Clinical Results of Prospective Study at a Minimum 12-Months Follow-up,ACTA CHIRURGIAE ORTHOPAEDICAE ET TRAUMATOLOGIAE CECHOSLOVACA,2018,
64,"Pinczewski, LA; Deehan, DJ; Salmon, LJ; Russell, VJ; Clingeleffer, A",A five-year comparison of patellar tendon versus four-strand hamstring tendon autograft for Arthroscopic reconstruction of the anterior cruciate ligament,AMERICAN JOURNAL OF SPORTS MEDICINE,2002,10.1177/03635465020300041201
65,"Harris, K; Driban, JB; Sitler, MR; Cattano, NM; Hootman, JM",Five-Year Clinical Outcomes of a Randomized Trial of Anterior Cruciate Ligament Treatment Strategies: An Evidence-Based Practice Paper,JOURNAL OF ATHLETIC TRAINING,2015,10.4085/1062-6050-49.3.53
66,"Jansson, KA; Linko, E; Sandelin, J; Harilainen, A",A prospective randomized study of patellar versus hamstring tendon autografts for anterior cruciate ligament reconstruction,AMERICAN JOURNAL OF SPORTS MEDICINE,2003,10.1177/03635465030310010501
67,"Sekir, U; Gur, H; Akova, B",Early Versus Late Start of Isokinetic Hamstring-Strengthening Exercise After Anterior Cruciate Ligament Reconstruction With Patellar Tendon Graft,AMERICAN JOURNAL OF SPORTS MEDICINE,2010,10.1177/0363546509349490
68,"Barenius, B; Nordlander, M; Ponzer, S; Tidermark, J; Eriksson, K",Quality of Life and Clinical Outcome After Anterior Cruciate Ligament Reconstruction Using Patellar Tendon Graft or Quadrupled Semitendinosus Graft An 8-Year Follow-up of a Randomized Controlled Trial,AMERICAN JOURNAL OF SPORTS MEDICINE,2010,10.1177/0363546510369549
69,"Vilchez-Cavazos, F; D√°vila-Mart√≠nez, A; de la Garza-Castro, S; Simental-Mend√≠a, M; Garay-Mendoza, D; Tamez-Mata, Y; Pe√±a-Mart√≠nez, V; Acosta-Olivo, C",Anterior cruciate ligament injuries treated with quadriceps tendon autograft versus hamstring autograft: A randomized controlled trial,CIRUGIA Y CIRUJANOS,2020,10.24875/CIRU.19001001
70,"Cantin, O; Lustig, S; Rongieras, F; Saragaglia, D; Lef√®vre, N; Graveleau, N; Hulet, C",Outcome of cartilage at 12 years of follow-up after anterior cruciate ligament reconstruction,ORTHOPAEDICS & TRAUMATOLOGY-SURGERY & RESEARCH,2016,10.1016/j.otsr.2016.06.011
71,"Cai, ZJ; Yang, YT; Liu, D; Lu, WH; Pan, LY; He, M; Xie, WQ; Yu, DJ; Li, HZ; Jin, HF; Li, YS; Xiao, WF",The effect of hamstring donor-site block for functional outcomes and rehabilitation after anterior cruciate ligament reconstruction,FRONTIERS IN SURGERY,2023,10.3389/fsurg.2023.1003022
72,"Hoogeslag, RAG; In 't Veld, RH; Brouwer, RW; de Graaff, F; Verdonschot, N",Acute Anterior Cruciate Ligament Rupture: Repair or Reconstruction? Five-Year Results of a Randomized Controlled Clinical Trial,AMERICAN JOURNAL OF SPORTS MEDICINE,2022,10.1177/03635465221090527
73,"Song, HY; Dai, XS; Li, JH; Zhu, SN",Hamstring Co-Contraction in the Early Stage of Rehabilitation After Anterior Cruciate Ligament Reconstruction: A Longitudinal Study,AMERICAN JOURNAL OF PHYSICAL MEDICINE & REHABILITATION,2018,10.1097/PHM.0000000000000941
74,"Runer, A; Keeling, L; Wagala, N; Nugraha, H; √ñzbek, EA; Hughes, JD; Musahl, V","Current trends in graft choice for primary anterior cruciate ligament reconstruction - part II: In-vivo kinematics, patient reported outcomes, re-rupture rates, strength recovery, return to sports and complications",JOURNAL OF EXPERIMENTAL ORTHOPAEDICS,2023,10.1186/s40634-023-00601-3
75,"Sasaki, S; Tsuda, E; Hiraga, Y; Yamamoto, Y; Maeda, S; Sasaki, E; Ishibashi, Y",Prospective Randomized Study of Objective and Subjective Clinical Results Between Double-Bundle and Single-Bundle Anterior Cruciate Ligament Reconstruction,AMERICAN JOURNAL OF SPORTS MEDICINE,2016,10.1177/0363546515624471
76,"Balki, S; G√∂ktas, HE; √ñztemur, Z","Kinesio taping as a treatment method in the acute phase of ACL reconstruction: A double-blind, placebo-controlled study",ACTA ORTHOPAEDICA ET TRAUMATOLOGICA TURCICA,2016,10.1016/j.aott.2016.03.005
77,"Anz, AW; Jordan, SE; Ostrander, RV III; Branch, EA; Denney, TS; Cohen, A; Andrews, JR",Augmentation of ACL Autograft Reconstruction With an Amnion Collagen Matrix Wrap and Bone Marrow Aspirate Concentrate: A Pilot Randomized Controlled Trial With 2-Year Follow-up,ORTHOPAEDIC JOURNAL OF SPORTS MEDICINE,2023,10.1177/23259671231210035
78,"Feil, S; Newell, J; Minogue, C; Paessler, HH","The Effectiveness of Supplementing a Standard Rehabilitation Program With Superimposed Neuromuscular Electrical Stimulation After Anterior Cruciate Ligament Reconstruction A Prospective, Randomized, Single-Blind Study",AMERICAN JOURNAL OF SPORTS MEDICINE,2011,10.1177/0363546510396180
79,"Rips, L; Koovit, T; Luik, M; Saar, H; Kuik, R; Kartus, JT; Rahu, M","In the medium term, more than half of males report kinesiophobia after anterior cruciate ligament reconstruction",JOURNAL OF ISAKOS JOINT DISORDERS & ORTHOPAEDIC SPORTS MEDICINE,2024,10.1016/j.jisako.2024.100309
80,"Lecoq, FA; Parienti, JJ; Murison, J; Ruiz, N; Bouacida, K; Besse, J; Morin, V; Padiolleau, G; Cucurulo, T; Graveleau, N; Hulet, C",Graft Choice and the Incidence of Osteoarthritis After Anterior Cruciate Ligament Reconstruction A Causal Analysis From a Cohort of 541 Patients,AMERICAN JOURNAL OF SPORTS MEDICINE,2018,10.1177/0363546518795137
81,"McRae, S; Leiter, J; McCormack, R; Old, J; MacDonald, P",Ipsilateral Versus Contralateral Hamstring Grafts in Anterior Cruciate Ligament Reconstruction A Prospective Randomized Trial,AMERICAN JOURNAL OF SPORTS MEDICINE,2013,10.1177/0363546513499140
82,"Sinding, KS; Nielsen, TG; Hvid, LG; Lind, M; Dalgas, U",Effects of Autograft Types on Muscle Strength and Functional Capacity in Patients Having Anterior Cruciate Ligament Reconstruction: A Randomized Controlled Trial,SPORTS MEDICINE,2020,10.1007/s40279-020-01276-x
83,"L√≥pez-Vidriero, E; Oliv√©-Vilas, R; L√≥pez-Capap√©, D; Varela-Sende, L; L√≥pez-Vidriero, R; Til-P√©rez, L","Efficacy and Tolerability of Progen, a Nutritional Supplement Based on Innovative Plasma Proteins, in ACL Reconstruction: A Multicenter Randomized Controlled Trial",ORTHOPAEDIC JOURNAL OF SPORTS MEDICINE,2019,10.1177/2325967119827237
84,"Fleming, BC; Fadale, PD; Hulstyn, MJ; Shalvoy, RM; Oksendahl, HL; Badger, GJ; Tung, GA",The Effect of Initial Graft Tension After Anterior Cruciate Ligament Reconstruction A Randomized Clinical Trial With 36-Month Follow-up,AMERICAN JOURNAL OF SPORTS MEDICINE,2013,10.1177/0363546512464200
85,"Shumborski, S; Heath, E; Salmon, LJ; Roe, JP; Linklater, JP; Facek, M; Pinczewski, LA",A Randomized Controlled Trial of PEEK Versus Titanium Interference Screws for Anterior Cruciate Ligament Reconstruction With 2-Year Follow-up,AMERICAN JOURNAL OF SPORTS MEDICINE,2019,10.1177/0363546519861530
86,"Vicente-Mampel, J; L√≥pez-Soler, J; Sevilla-L√≥pez, P; Ferrer-Torregrosa, J; Mart√≠n-Ru√≠z, J; Jaenada-Carrilero, E; Castillo-Dutor, N; Pascual-Leone, A; Pascual-Leone, N; Baraja-Vegas, L; Mu√±oz, JMT",Enhancing functional recovery after ACL injury. A protocol for a randomized control trial of transcranial direct current stimulation over the motor cortex,FRONTIERS IN REHABILITATION SCIENCES,2025,10.3389/fresc.2025.1627228
87,"Costa, MQ; Badger, GJ; Chrostek, CA; Carvalho, OD; Faiola, SL; Fadale, PD; Hulstyn, MJ; Gil, HC; Shalvoy, RM; Fleming, BC",Effects of Initial Graft Tension and Patient Sex on Knee Osteoarthritis Outcomes After ACL Reconstruction: A Randomized Controlled Clinical Trial With 10-to 12-Year Follow-up,AMERICAN JOURNAL OF SPORTS MEDICINE,2022,10.1177/03635465221124917
88,"Helal, A; El-Gebaly, O; Hamed, H; Omran, AM; Elforse, E",Periosteal wrapping of the hamstring tendon autograft improves graft healing and prevents tunnel widening after anterior cruciate ligament anatomic reconstruction,ARCHIVES OF ORTHOPAEDIC AND TRAUMA SURGERY,2024,10.1007/s00402-024-05356-9
89,"Sonnery-Cottet, B; Pioger, C; Vieira, TD; Franck, F; Kajetanek, C; Fayard, JM; Thaunat, M; Saithna, A",Combined ACL and Anterolateral Reconstruction Is Not Associated With a Higher Risk of Adverse Outcomes: Preliminary Results From the SANTI Randomized Controlled Trial,ORTHOPAEDIC JOURNAL OF SPORTS MEDICINE,2020,10.1177/2325967120918490
90,"Ramakanth, R; Sundararajan, SR; Sujith, BSG; D'Souza, T; Arumugam, P; Rajasekaran, S","Medial Collateral Ligament Repair, Isolated Suture-Tape-Bracing and No Repair for Grade III Medial Collateral Ligament Tears During Anterior Cruciate Ligament Reconstruction Have Similar Outcome for Combined Anterior Cruciate Ligament With Medial Collateral Ligament Injury: A 3-Arm Randomized Controlled Trial",ARTHROSCOPY-THE JOURNAL OF ARTHROSCOPIC AND RELATED SURGERY,2021,10.1016/j.arthro.2024.09.023
91,"Barenius, B; Ponzer, S; Shalabi, A; Bujak, R; Norl√©n, L; Eriksson, K",Increased Risk of Osteoarthritis After Anterior Cruciate Ligament Reconstruction A 14-Year Follow-up Study of a Randomized Controlled Trial,AMERICAN JOURNAL OF SPORTS MEDICINE,2014,10.1177/0363546514526139
92,"Ghaderi, M; Letafatkar, A; Thomas, AC; Keyhani, S",Effects of a neuromuscular training program using external focus attention cues in male athletes with anterior cruciate ligament reconstruction: a randomized clinical trial,BMC SPORTS SCIENCE MEDICINE AND REHABILITATION,2021,10.1186/s13102-021-00275-3
93,"Boer, BC; Hoogeslag, RAG; Brouwer, RW; Demmer, A; 't Veld, RMHAHI",Self-reported functional recovery after reconstruction versus repair in acute anterior cruciate ligament rupture (ROTOR): a randomized controlled clinical trial,BMC MUSCULOSKELETAL DISORDERS,2018,10.1186/s12891-018-2028-4
94,"Sole, G; Lamb, P; Pataky, T; Klima, S; Navarre, P; Hammer, N",Immediate and 6-week effects of wearing a knee sleeve following anterior cruciate ligament reconstruction: a cross-over laboratory and randomised clinical trial,BMC MUSCULOSKELETAL DISORDERS,2021,10.1186/s12891-021-04540-x
95,"Bregenhof, B; Jorgensen, U; Aagaard, P; Nissen, N; Creaby, MW; Thorlund, JB; Jensen, C; Torfing, T; Holsgaard-Larsen, A",The effect of targeted exercise on knee-muscle function in patients with persistent hamstring deficiency following ACL reconstruction - study protocol for a randomized controlled trial,TRIALS,2018,10.1186/s13063-018-2448-3
96,"Butt, U; Vuletic, F; Shaikh, MAA; Amanullah; Rehman, GU; Shah, IA; St√•lman, A; Khan, ZA",5-years outcomes following arthroscopic anterior cruciate ligament reconstruction comparing quadruple hamstring and peroneus longus tendon autografts: a randomized control trial,ARCHIVES OF ORTHOPAEDIC AND TRAUMA SURGERY,2024,10.1007/s00402-024-05639-1
97,"Mayr, HO; Hochrein, A; Hein, W; Hube, R; Bernstein, A",Rehabilitation results following anterior cruciate ligament reconstruction using a hard brace compared to a fluid-filled soft brace,KNEE,2010,10.1016/j.knee.2009.07.002
98,"Harput, G; Ulusoy, B; Yildiz, TI; Demirci, S; Eraslan, L; Turhan, E; Tunay, VB",Cross-education improves quadriceps strength recovery after ACL reconstruction: a randomized controlled trial,KNEE SURGERY SPORTS TRAUMATOLOGY ARTHROSCOPY,2019,10.1007/s00167-018-5040-1
99,"Jagodzinski, M; Geiges, B; von Falck, C; Knobloch, K; Haasper, C; Brand, J; Hankemeier, S; Krettek, C; Meller, R",Biodegradable Screw Versus a Press-Fit Bone Plug Fixation for Hamstring Anterior Cruciate Ligament Reconstruction A Prospective Randomized Study,AMERICAN JOURNAL OF SPORTS MEDICINE,2010,10.1177/0363546509350325
100,"Frobell, RB; Roos, EM; Roos, HP; Ranstam, J; Lohmander, LS",A Randomized Trial of Treatment for Acute Anterior Cruciate Ligament Tears,NEW ENGLAND JOURNAL OF MEDICINE,2010,10.1056/NEJMoa0907797
101,"Kiekara, T; Paakkala, A; Suomalainen, P; Huhtala, H; J√§rvel√§, T",Femoral and Tibial Tunnel Diameter and Bioabsorbable Screw Findings After Double-Bundle ACL Reconstruction in 5-Year Clinical and MRI Follow-up,ORTHOPAEDIC JOURNAL OF SPORTS MEDICINE,2017,10.1177/2325967116685525
102,"Minzlaff, P; Heidt, T; Feucht, MJ; Plath, JE; Hinterwimmer, S; Imhoff, AB; Saier, T",Patient satisfaction with health is substantially improved following ACL reconstruction,KNEE SURGERY SPORTS TRAUMATOLOGY ARTHROSCOPY,2018,10.1007/s00167-017-4623-6
103,"Christensen, JC; Goldfine, LR; Barker, T; Collingridge, DS",What Can the First 2 Months Tell Us About Outcomes After Anterior Cruciate Ligament Reconstruction?,JOURNAL OF ATHLETIC TRAINING,2015,10.4085/1062-6050-49.3.95
104,"Kostogiannis, L; Ageberg, E; Neuman, P; Dahlberg, L; Frid√©n, T; Roos, H","Activity level and subjective knee function 15 years after anterior Cruciate ligament injury -: A prospective, longitudinal study of non reconstructed patients",AMERICAN JOURNAL OF SPORTS MEDICINE,2007,10.1177/0363546507299238
105,"Tagesson, S; √ñberg, B; Good, L; Kvist, J",A comprehensive rehabilitation program with quadriceps strengthening in closed versus open kinetic chain exercise in patients with anterior cruciate ligament deficiency,AMERICAN JOURNAL OF SPORTS MEDICINE,2008,10.1177/0363546507307867
106,"Christensen, JC; Goldfine, LR; West, HS",The Effects of Early Aggressive Rehabilitation on Outcomes After Anterior Cruciate Ligament Reconstruction Using Autologous Hamstring Tendon: A Randomized Clinical Trial,JOURNAL OF SPORT REHABILITATION,2013,10.1123/jsr.22.3.191
107,"Fukuda, TY; Fingerhut, D; Moreira, VC; Camarini, PMF; Scodeller, NF; Duarte, A; Martinelli, M; Bryk, FF",Open Kinetic Chain Exercises in a Restricted Range of Motion After Anterior Cruciate Ligament Reconstruction A Randomized Controlled Clinical Trial,AMERICAN JOURNAL OF SPORTS MEDICINE,2013,10.1177/0363546513476482
108,"Darabos, N; Haspl, M; Moser, C; Darabos, A; Bartolek, D; Groenemeyer, D",Intraarticular application of autologous conditioned serum (ACS) reduces bone tunnel widening after ACL reconstructive surgery in a randomized controlled trial,KNEE SURGERY SPORTS TRAUMATOLOGY ARTHROSCOPY,2011,10.1007/s00167-011-1458-4
109,"Firoozabadi, MA; Nezhadtabrizi, B; Poursalehian, M; Razzaghof, M; Naghizadeh, H; Soleimani, M; Mortazavi, SMJ",Intra-articular tranexamic acid improves 1-and 3-month functional recovery but does not reduce early post-operative pain after arthroscopic ACL reconstruction: A triple-blind randomised trial,JOURNAL OF EXPERIMENTAL ORTHOPAEDICS,2025,10.1002/jeo2.70460
110,"Porter, M; Shadbolt, B; Ye, X; Stuart, R",Ankle Lateral Ligament Augmentation Versus the Modified Brostrom-Gould Procedure: A 5-Year Randomized Controlled Trial,AMERICAN JOURNAL OF SPORTS MEDICINE,2019,10.1177/0363546518820529
111,"Beaudoin, A; Ogborn, D; McRae, S; Larose, G; Brown, H; McCormack, R; MacDonald, P",No differences found in long-term outcomes of a randomized controlled trial comparing ipsilateral versus contralateral hamstring graft in ACL reconstruction,KNEE SURGERY SPORTS TRAUMATOLOGY ARTHROSCOPY,2022,10.1007/s00167-022-06980-x
112,"Tang, N; Eren, M; Gurpinar, T; Ozturkmen, Y",A prospective randomized controlled study of hamstring and bone-free quadriceps tendons autografts in arthroscopic ACL reconstruction,EUROPEAN JOURNAL OF ORTHOPAEDIC SURGERY AND TRAUMATOLOGY,2024,10.1007/s00590-023-03636-5
0,"Lund, B; Nielsen, T; Fauno, P; Christiansen, SE; Lind, M",Is Quadriceps Tendon a Better Graft Choice Than Patellar Tendon? A Prospective Randomized Study,ARTHROSCOPY-THE JOURNAL OF ARTHROSCOPIC AND RELATED SURGERY,2014,10.1016/j.arthro.2014.01.012
1,"Mutsuzaki, H; Kinugasa, T; Sakane, M",Safety and feasibility of using calcium phosphate hybridization method for quadriceps tendon-bone graft in anterior cruciate ligament reconstruction,JOURNAL OF ORTHOPAEDICS,2019,10.1016/j.jor.2019.04.004
2,"Irrgang, JJ; Tashman, S; Patterson, CG; Musahl, V; West, R; Oostdyk, A; Galvin, B; Poploski, K; Fu, FH",Anatomic single vs. double-bundle ACL reconstruction: a randomized clinical trial-Part 1: clinical outcomes,KNEE SURGERY SPORTS TRAUMATOLOGY ARTHROSCOPY,2021,10.1007/s00167-021-06585-w
3,"Oliveira, M; Lobo, P Jr; Imoto, AM; Santos, T; Borges, JHS; Nunes, P; Barin, FR; Damando, M; Peccin, MS",Unilateral Versus Bilateral Resistance Exercise in Postoperative Rehabilitation After ACL Reconstruction With Bone-Patellar Tendon-Bone Graft: A Randomized Controlled Trial,ORTHOPAEDIC JOURNAL OF SPORTS MEDICINE,2022,10.1177/23259671221088830
4,"Martin-Alguacil, JL; Arroyo-Morales, M; Martin-Gomez, JL; Monje-Cabrera, IM; Abellan-Guillen, JF; Esparza-Ros, F; Lozano, ML; Cantarero-Villanueva, I",Strength recovery after anterior cruciate ligament reconstruction with quadriceps tendon versus hamstring tendon autografts in soccer players: A randomized controlled trial,KNEE,2018,10.1016/j.knee.2018.03.011
5,"Shelbourne, KD; Benner, R; Gray, T; Bauman, S","Range of Motion, Strength, and Function After ACL Reconstruction Using a Contralateral Patellar Tendon Graft",ORTHOPAEDIC JOURNAL OF SPORTS MEDICINE,2022,10.1177/23259671221138103
6,"Sacramento, SN; Magalhaes, E; Christel, P; Ingham, S; Fukuda, TY",A new technique in double-bundle anterior cruciate ligament reconstruction with implant-free tibial fixation,KNEE SURGERY SPORTS TRAUMATOLOGY ARTHROSCOPY,2016,10.1007/s00167-014-3430-6
7,"Ashraf, Y; Senevirathna, SR; Ashraf, T",Conventional versus 'all-inside' anterior cruciate ligament reconstruction: a randomized controlled trial comparing hamstring strength and functional outcome,BONE & JOINT OPEN,2020,10.1302/2633-1462.111.BJO-2020.0012.R1
8,"DE Melo, RFV; Komatsu, WR; DE Freitas, MS; DE Melo, MEV; Cohen, M",COMPARISON OF QUADRICEPS AND HAMSTRING MUSCLE STRENGTH AFTER EXERCISES WITH AND WITHOUT BLOOD FLOW RESTRICTION FOLLOWING ANTERIOR CRUCIATE LIGAMENT SURGERY: A RANDOMIZED CONTROLLED TRIAL,JOURNAL OF REHABILITATION MEDICINE,2022,10.2340/jrm.v54.2550
9,"Sekir, U; Gur, H; Akova, B",Early Versus Late Start of Isokinetic Hamstring-Strengthening Exercise After Anterior Cruciate Ligament Reconstruction With Patellar Tendon Graft,AMERICAN JOURNAL OF SPORTS MEDICINE,2010,10.1177/0363546509349490
10,"Vilchez-Cavazos, F; D√°vila-Mart√≠nez, A; de la Garza-Castro, S; Simental-Mend√≠a, M; Garay-Mendoza, D; Tamez-Mata, Y; Pe√±a-Mart√≠nez, V; Acosta-Olivo, C",Anterior cruciate ligament injuries treated with quadriceps tendon autograft versus hamstring autograft: A randomized controlled trial,CIRUGIA Y CIRUJANOS,2020,10.24875/CIRU.19001001
11,"Zhang, XY; Huang, HS; Yu, YY; Yang, L; Liang, ZX; Chang, CQ",IMPACT OF WHEY PROTEIN ISOLATE AND ECCENTRIC TRAINING ON QUADRICEPS MASS AND STRENGTH IN PATIENTS WITH ANTERIOR CRUCIATE LIGAMENT RUPTURE: A RANDOMIZED CONTROLLED TRIAL,JOURNAL OF REHABILITATION MEDICINE,2020,10.2340/16501977-2664
12,"Huang, MH; Yang, RC; Chou, PH",Preliminary effects of hyaluronic acid on early rehabilitation of patients with isolated anterior cruciate ligament reconstruction,CLINICAL JOURNAL OF SPORT MEDICINE,2007,10.1097/JSM.0b013e31812570fa
13,"Hoogeslag, RAG; In 't Veld, RH; Brouwer, RW; de Graaff, F; Verdonschot, N",Acute Anterior Cruciate Ligament Rupture: Repair or Reconstruction? Five-Year Results of a Randomized Controlled Clinical Trial,AMERICAN JOURNAL OF SPORTS MEDICINE,2022,10.1177/03635465221090527
14,"Runer, A; Keeling, L; Wagala, N; Nugraha, H; √ñzbek, EA; Hughes, JD; Musahl, V","Current trends in graft choice for primary anterior cruciate ligament reconstruction - part II: In-vivo kinematics, patient reported outcomes, re-rupture rates, strength recovery, return to sports and complications",JOURNAL OF EXPERIMENTAL ORTHOPAEDICS,2023,10.1186/s40634-023-00601-3
15,"Fu, YP; Tian, Y; Zhao, ZW; Li, Z",Prehabilitation enhances functional and structural recovery following anterior cruciate ligament reconstruction: A randomized controlled trial,KNEE SURGERY SPORTS TRAUMATOLOGY ARTHROSCOPY,2025,10.1002/ksa.70170
16,"Balki, S; G√∂ktas, HE; √ñztemur, Z","Kinesio taping as a treatment method in the acute phase of ACL reconstruction: A double-blind, placebo-controlled study",ACTA ORTHOPAEDICA ET TRAUMATOLOGICA TURCICA,2016,10.1016/j.aott.2016.03.005
17,"Feil, S; Newell, J; Minogue, C; Paessler, HH","The Effectiveness of Supplementing a Standard Rehabilitation Program With Superimposed Neuromuscular Electrical Stimulation After Anterior Cruciate Ligament Reconstruction A Prospective, Randomized, Single-Blind Study",AMERICAN JOURNAL OF SPORTS MEDICINE,2011,10.1177/0363546510396180
18,"Rips, L; Koovit, T; Luik, M; Saar, H; Kuik, R; Kartus, JT; Rahu, M","In the medium term, more than half of males report kinesiophobia after anterior cruciate ligament reconstruction",JOURNAL OF ISAKOS JOINT DISORDERS & ORTHOPAEDIC SPORTS MEDICINE,2024,10.1016/j.jisako.2024.100309
19,"Wang, XJ; Xu, ZJ; Song, ST; Mao, ZM; Huang, XM; Luo, M; Zhou, X; Xu, BB; Ye, J; Song, YF; Yu, JK",Which technique provides more benefits in return to sports and clinical outcomes after anterior cruciate ligament reconstruction: Double-bundle or single-bundle? A randomized controlled study,CHINESE MEDICAL JOURNAL,2025,10.1097/CM9.0000000000003267
20,"Borges, JHD; Oliveira, M; Lobo, P; Machado, RD; Lima, R; Ramos, LA; Cohen, M",Is contralateral autogenous patellar tendon graft a better choice than ipsilateral for anterior cruciate ligament reconstruction in young sportsmen? A randomized controlled trial,KNEE,2022,10.1016/j.knee.2022.03.015
21,"Sinding, KS; Nielsen, TG; Hvid, LG; Lind, M; Dalgas, U",Effects of Autograft Types on Muscle Strength and Functional Capacity in Patients Having Anterior Cruciate Ligament Reconstruction: A Randomized Controlled Trial,SPORTS MEDICINE,2020,10.1007/s40279-020-01276-x
22,"Vidmar, MF; Baroni, BM; Michelin, AF; Mezzomo, M; Lugokenski, R; Pimentel, GL; Silva, MF",Isokinetic eccentric training is more effective than constant load eccentric training for quadriceps rehabilitation following anterior cruciate ligament reconstruction: a randomized controlled trial,BRAZILIAN JOURNAL OF PHYSICAL THERAPY,2020,10.1016/j.bjpt.2019.07.003
23,"McRae, S; Leiter, J; McCormack, R; Old, J; MacDonald, P",Ipsilateral Versus Contralateral Hamstring Grafts in Anterior Cruciate Ligament Reconstruction A Prospective Randomized Trial,AMERICAN JOURNAL OF SPORTS MEDICINE,2013,10.1177/0363546513499140
24,"Li, DS; Zhang, Q; Liu, XG; Chen, C; Lu, JN; Ye, DM; Li, YJ; Wang, W; Shen, M","Effect of water-based walking exercise on rehabilitation of patients following ACL reconstruction: a prospective, randomised, single-blind clinical trial",PHYSIOTHERAPY,2022,10.1016/j.physio.2021.11.003
25,"Sole, G; Lamb, P; Pataky, T; Klima, S; Navarre, P; Hammer, N",Immediate and 6-week effects of wearing a knee sleeve following anterior cruciate ligament reconstruction: a cross-over laboratory and randomised clinical trial,BMC MUSCULOSKELETAL DISORDERS,2021,10.1186/s12891-021-04540-x
26,"Harput, G; Ulusoy, B; Yildiz, TI; Demirci, S; Eraslan, L; Turhan, E; Tunay, VB",Cross-education improves quadriceps strength recovery after ACL reconstruction: a randomized controlled trial,KNEE SURGERY SPORTS TRAUMATOLOGY ARTHROSCOPY,2019,10.1007/s00167-018-5040-1
27,"Bregenhof, B; Jorgensen, U; Aagaard, P; Nissen, N; Creaby, MW; Thorlund, JB; Jensen, C; Torfing, T; Holsgaard-Larsen, A",The effect of targeted exercise on knee-muscle function in patients with persistent hamstring deficiency following ACL reconstruction - study protocol for a randomized controlled trial,TRIALS,2018,10.1186/s13063-018-2448-3
28,"Chmielewski, TL; George, SZ; Tillman, SM; Moser, MW; Lentz, TA; Indelicato, PA; Trumble, TN; Shuster, JJ; Cicuttini, FM; Leeuwenburgh, C",Low- Versus High-Intensity Plyometric Exercise During Rehabilitation After Anterior Cruciate Ligament Reconstruction,AMERICAN JOURNAL OF SPORTS MEDICINE,2016,10.1177/0363546515620583
29,"Lim, JY; Yu, HJ; Kim, SH; Lee, JI; Lim, JY; Wang, JH; Hwang, JH","Effectiveness of In-Home, Augmented Reality-Based Telerehabilitation After Anterior Cruciate Ligament Reconstruction: A Randomized Controlled Trial",ORTHOPAEDIC JOURNAL OF SPORTS MEDICINE,2024,10.1177/23259671241271729
30,"Qiu, J; Ong, MTY; Choi, CY; Cao, MD; Ko, VMC; He, X; Fu, SC; Fong, DTP; Yung, PSH",Five Weeks of Whole-body Vibration in Prehabilitation for Knee Function Following Anterior Cruciate Ligament Reconstruction: A Single-blinded Randomized Controlled Trial,SPORTS MEDICINE-OPEN,2025,10.1186/s40798-025-00901-1
31,"Logerstedt, D; Di Stasi, S; Grindem, H; Lynch, A; Eitzen, I; Engebretsen, L; Risberg, MA; Axe, MJ; Snyder-Mackler, L",Self-Reported Knee Function Can Identify Athletes Who Fail Return-to-Activity Criteria up to 1 Year After Anterior Cruciate Ligament Reconstruction: A Delaware-Oslo ACL Cohort Study,JOURNAL OF ORTHOPAEDIC & SPORTS PHYSICAL THERAPY,2014,10.2519/jospt.2014.4852
32,"Christensen, JC; Goldfine, LR; Barker, T; Collingridge, DS",What Can the First 2 Months Tell Us About Outcomes After Anterior Cruciate Ligament Reconstruction?,JOURNAL OF ATHLETIC TRAINING,2015,10.4085/1062-6050-49.3.95
33,"Tagesson, S; √ñberg, B; Good, L; Kvist, J",A comprehensive rehabilitation program with quadriceps strengthening in closed versus open kinetic chain exercise in patients with anterior cruciate ligament deficiency,AMERICAN JOURNAL OF SPORTS MEDICINE,2008,10.1177/0363546507307867
34,"Ogrodzka-Ciechanowicz, K; Glab, G; Slusarski, J; Gadek, A",Quadriceps muscle strength recovery with the use of high tone power therapy after anterior cruciate ligament reconstruction: a randomized controlled trial,BMC MUSCULOSKELETAL DISORDERS,2021,10.1186/s12891-021-04862-w
35,"Fukuda, TY; Fingerhut, D; Moreira, VC; Camarini, PMF; Scodeller, NF; Duarte, A; Martinelli, M; Bryk, FF",Open Kinetic Chain Exercises in a Restricted Range of Motion After Anterior Cruciate Ligament Reconstruction A Randomized Controlled Clinical Trial,AMERICAN JOURNAL OF SPORTS MEDICINE,2013,10.1177/0363546513476482
36,"Tang, N; Eren, M; Gurpinar, T; Ozturkmen, Y",A prospective randomized controlled study of hamstring and bone-free quadriceps tendons autografts in arthroscopic ACL reconstruction,EUROPEAN JOURNAL OF ORTHOPAEDIC SURGERY AND TRAUMATOLOGY,2024,10.1007/s00590-023-03636-5
0,"Butt, U; Vuletic, F; Shaikh, MAA; Amanullah; Rehman, GU; Shah, IA; St√•lman, A; Khan, ZA",5-years outcomes following arthroscopic anterior cruciate ligament reconstruction comparing quadruple hamstring and peroneus longus tendon autografts: a randomized control trial,ARCHIVES OF ORTHOPAEDIC AND TRAUMA SURGERY,2024,10.1007/s00402-024-05639-1
