PMID,Title,Authors,Citation,First Author,Journal/Book,Publication Year,Create Date,PMCID,NIHMS ID,DOI
"39221503","Reduced Knee Flexion Strength 18 Years After ACL Reconstruction With Hamstring Tendon Versus Patellar Tendon","Popovic M, Myhre JR, Holen JIH, Gifstad T, Strand IL, Strand T, Mo IF, Fischer-Bredenbeck C, Drogset JO.","Am J Sports Med. 2024 Sep;52(11):2750-2757. doi: 10.1177/03635465241271524. Epub 2024 Sep 2.","Popovic M","Am J Sports Med","2024","2024/09/02","","","10.1177/03635465241271524"
"37893482","Tubularization of Bone-Tendon-Bone Grafts: Effects on Mechanical Strength and Postoperative Knee Stability in Anterior Cruciate Ligament Reconstruction","Obradović M, Ninković S, Gvozdenović N, Tošić M, Milinkov M, Dulić O.","Medicina (Kaunas). 2023 Oct 3;59(10):1764. doi: 10.3390/medicina59101764.","Obradović M","Medicina (Kaunas)","2023","2023/10/28","PMC10608507","","10.3390/medicina59101764"
"35468330","Is contralateral autogenous patellar tendon graft a better choice than ipsilateral for anterior cruciate ligament reconstruction in young sportsmen? A randomized controlled trial","de Souza Borges JH, Oliveira M, Junior PL, de Souza Machado R, Lima R, Ramos LA, Cohen M.","Knee. 2022 Jun;36:33-43. doi: 10.1016/j.knee.2022.03.015. Epub 2022 Apr 22.","de Souza Borges JH","Knee","2022","2022/04/25","","","10.1016/j.knee.2022.03.015"
"34952186","Anterior Cruciate Ligament Patellar Tendon Autograft Fixation at 0° Versus 30° Results in Improved Activity Scores and a Greater Proportion of Patients Achieving the Minimal Clinical Important Difference For Knee Injury and Osteoarthritis Outcome Score Pain: A Randomized Controlled Trial","Chahal J, Whelan DB, Hoit G, Theodoropoulos J, Ajrawat P, Betsch M, Docter S, Dwyer T.","Arthroscopy. 2022 Jun;38(6):1969-1977. doi: 10.1016/j.arthro.2021.12.018. Epub 2021 Dec 22.","Chahal J","Arthroscopy","2022","2021/12/24","","","10.1016/j.arthro.2021.12.018"
"34601649","In vivo knee rotational stability 2 years after the ACL reconstruction using a quadriceps tendon graft with bone block and bone-patellar tendon-bone graft","Komzák M, Hart R, Náhlík D, Vysoký R.","Arch Orthop Trauma Surg. 2022 Aug;142(8):1995-1999. doi: 10.1007/s00402-021-04195-2. Epub 2021 Oct 3.","Komzák M","Arch Orthop Trauma Surg","2022","2021/10/03","","","10.1007/s00402-021-04195-2"
"33945339","Validation of a Risk Calculator to Personalize Graft Choice and Reduce Rupture Rates for Anterior Cruciate Ligament Reconstruction","Marmura H, Getgood AMJ, Spindler KP, Kattan MW, Briskin I, Bryant DM.","Am J Sports Med. 2021 Jun;49(7):1777-1785. doi: 10.1177/03635465211010798. Epub 2021 May 4.","Marmura H","Am J Sports Med","2021","2021/05/04","","","10.1177/03635465211010798"
"32504178","Quadriceps tendon vs. patellar tendon autograft for ACL reconstruction using a hardware-free press-fit fixation technique: comparable stability, function and return-to-sport level but less donor site morbidity in athletes after 10 years","Barié A, Sprinckstub T, Huber J, Jaber A.","Arch Orthop Trauma Surg. 2020 Oct;140(10):1465-1474. doi: 10.1007/s00402-020-03508-1. Epub 2020 Jun 5.","Barié A","Arch Orthop Trauma Surg","2020","2020/06/07","PMC7505888","","10.1007/s00402-020-03508-1"
"32368935","A Randomized Controlled Trial of Bone-Patellar Tendon-Bone Anterior Cruciate Ligament Reconstruction With and Without Lateral Extra-articular Tenodesis: 19-Year Clinical and Radiological Follow-up","Castoldi M, Magnussen RA, Gunst S, Batailler C, Neyret P, Lustig S, Servien E.","Am J Sports Med. 2020 Jun;48(7):1665-1672. doi: 10.1177/0363546520914936. Epub 2020 May 5.","Castoldi M","Am J Sports Med","2020","2020/05/06","","","10.1177/0363546520914936"
"32298131","Bridge-Enhanced Anterior Cruciate Ligament Repair Is Not Inferior to Autograft Anterior Cruciate Ligament Reconstruction at 2 Years: Results of a Prospective Randomized Clinical Trial","Murray MM, Fleming BC, Badger GJ; BEAR Trial Team; Freiberger C, Henderson R, Barnett S, Kiapour A, Ecklund K, Proffen B, Sant N, Kramer DE, Micheli LJ, Yen YM.","Am J Sports Med. 2020 May;48(6):1305-1315. doi: 10.1177/0363546520913532. Epub 2020 Apr 16.","Murray MM","Am J Sports Med","2020","2020/04/17","PMC7227128","","10.1177/0363546520913532"
"32059954","All-Inside Quadrupled Semitendinosus Autograft Shows Stability Equivalent to Patellar Tendon Autograft Anterior Cruciate Ligament Reconstruction: Randomized Controlled Trial in Athletes 24 Years or Younger","Smith PA, Cook CS, Bley JA.","Arthroscopy. 2020 Jun;36(6):1629-1646. doi: 10.1016/j.arthro.2020.01.048. Epub 2020 Feb 12.","Smith PA","Arthroscopy","2020","2020/02/16","","","10.1016/j.arthro.2020.01.048"
"31800420","Autologous BPTB ACL Reconstruction Results in Lower Failure Rates Than ACL Repair with and without Synthetic Augmentation at 30 Years of Follow-up: A Prospective Randomized Study","Sporsheim AN, Gifstad T, Lundemo TO, Engebretsen L, Strand T, Mølster A, Drogset JO.","J Bone Joint Surg Am. 2019 Dec 4;101(23):2074-2081. doi: 10.2106/JBJS.19.00098.","Sporsheim AN","J Bone Joint Surg Am","2019","2019/12/05","","","10.2106/JBJS.19.00098"
"31470759","Effects of autologous adipose-derived regenerative stem cells administered at the time of anterior cruciate ligament reconstruction on knee function and graft healing","Alentorn-Geli E, Seijas R, Martínez-De la Torre A, Cuscó X, Steinbacher G, Álvarez-Díaz P, Barastegui D, Navarro J, Serra-Renom JM, Nishishinya B, Català J, Laiz P, García-Balletbó M, Cugat R.","J Orthop Surg (Hong Kong). 2019 Sep-Dec;27(3):2309499019867580. doi: 10.1177/2309499019867580.","Alentorn-Geli E","J Orthop Surg (Hong Kong)","2019","2019/09/01","","","10.1177/2309499019867580"
"31169571","A Randomized Clinical Trial Comparing Patellar Tendon, Hamstring Tendon, and Double-Bundle ACL Reconstructions: Patient-Reported and Clinical Outcomes at 5-Year Follow-up","Mohtadi NG, Chan DS.","J Bone Joint Surg Am. 2019 Jun 5;101(11):949-960. doi: 10.2106/JBJS.18.01322.","Mohtadi NG","J Bone Joint Surg Am","2019","2019/06/07","","","10.2106/JBJS.18.01322"
"30733025","Adductor Canal Nerve Versus Femoral Nerve Blockade for Pain Control and Quadriceps Function Following Anterior Cruciate Ligament Reconstruction With Patellar Tendon Autograft: A Prospective Randomized Trial","Bailey L, Griffin J, Elliott M, Wu J, Papavasiliou T, Harner C, Lowe W.","Arthroscopy. 2019 Mar;35(3):921-929. doi: 10.1016/j.arthro.2018.10.149. Epub 2019 Feb 4.","Bailey L","Arthroscopy","2019","2019/02/09","","","10.1016/j.arthro.2018.10.149"
"29741923","Effect of Intraoperative Platelet-Rich Plasma Treatment on Postoperative Donor Site Knee Pain in Patellar Tendon Autograft Anterior Cruciate Ligament Reconstruction: A Double-Blind Randomized Controlled Trial","Walters BL, Porter DA, Hobart SJ, Bedford BB, Hogan DE, McHugh MM, Klein DA, Harousseau K, Nicholas SJ.","Am J Sports Med. 2018 Jul;46(8):1827-1835. doi: 10.1177/0363546518769295. Epub 2018 May 9.","Walters BL","Am J Sports Med","2018","2018/05/10","","","10.1177/0363546518769295"
"29741911","Long-term Comparison of Semitendinosus and Gracilis Tendon Versus Patellar Tendon Autografts for Anterior Cruciate Ligament Reconstruction: A 17-Year Follow-up of a Randomized Controlled Trial","Sajovic M, Stropnik D, Skaza K.","Am J Sports Med. 2018 Jul;46(8):1800-1808. doi: 10.1177/0363546518768768. Epub 2018 May 9.","Sajovic M","Am J Sports Med","2018","2018/05/10","","","10.1177/0363546518768768"
"27717747","Lack of stability at more than 12 months of follow-up after anterior cruciate ligament reconstruction using all-inside quadruple-stranded semitendinosus graft with adjustable cortical button fixation in both femoral and tibial sides","Bressy G, Brun V, Ferrier A, Dujardin D, Oubaya N, Morel N, Fontanin N, Ohl X.","Orthop Traumatol Surg Res. 2016 Nov;102(7):867-872. doi: 10.1016/j.otsr.2016.08.011. Epub 2016 Oct 4.","Bressy G","Orthop Traumatol Surg Res","2016","2016/10/09","","","10.1016/j.otsr.2016.08.011"
"27568219","Double-layer versus single-layer bone-patellar tendon-bone anterior cruciate ligament reconstruction: a prospective randomized study with 3-year follow-up","Mei X, Zhang Z, Yang J.","Arch Orthop Trauma Surg. 2016 Dec;136(12):1733-1739. doi: 10.1007/s00402-016-2548-z. Epub 2016 Aug 27.","Mei X","Arch Orthop Trauma Surg","2016","2016/08/29","","","10.1007/s00402-016-2548-z"
"27376940","Correlation of tunnel widening and tunnel positioning with short-term functional outcomes in single-bundle anterior cruciate ligament reconstruction using patellar tendon versus hamstring graft: a prospective study","Biswal UK, Balaji G, Nema S, Poduval M, Menon J, Patro DK.","Eur J Orthop Surg Traumatol. 2016 Aug;26(6):647-55. doi: 10.1007/s00590-016-1809-4. Epub 2016 Jul 4.","Biswal UK","Eur J Orthop Surg Traumatol","2016","2016/07/05","","","10.1007/s00590-016-1809-4"
"27371291","Anatomic single-bundle anterior cruciate ligament reconstruction improves walking economy: hamstrings tendon versus patellar tendon grafts","Iliopoulos E, Galanis N, Zafeiridis A, Iosifidis M, Papadopoulos P, Potoupnis M, Geladas N, Vrabas IS, Kirkos J.","Knee Surg Sports Traumatol Arthrosc. 2017 Oct;25(10):3155-3162. doi: 10.1007/s00167-016-4229-4. Epub 2016 Jul 1.","Iliopoulos E","Knee Surg Sports Traumatol Arthrosc","2017","2016/07/03","","","10.1007/s00167-016-4229-4"
"27229354","A Randomized Controlled Trial With Mean 16-Year Follow-up Comparing Hamstring and Patellar Tendon Autografts in Anterior Cruciate Ligament Reconstruction","Björnsson H, Samuelsson K, Sundemo D, Desai N, Sernert N, Rostgård-Christensen L, Karlsson J, Kartus J.","Am J Sports Med. 2016 Sep;44(9):2304-13. doi: 10.1177/0363546516646378. Epub 2016 May 26.","Björnsson H","Am J Sports Med","2016","2016/05/28","","","10.1177/0363546516646378"
"27159308","Effect of Matching or Overconstraining Knee Laxity During Anterior Cruciate Ligament Reconstruction on Knee Osteoarthritis and Clinical Outcomes: A Randomized Controlled Trial With 84-Month Follow-up","Akelman MR, Fadale PD, Hulstyn MJ, Shalvoy RM, Garcia A, Chin KE, Duryea J, Badger GJ, Tung GA, Fleming BC.","Am J Sports Med. 2016 Jul;44(7):1660-70. doi: 10.1177/0363546516638387. Epub 2016 Apr 19.","Akelman MR","Am J Sports Med","2016","2016/05/10","PMC4930731","NIHMS763995","10.1177/0363546516638387"
"26838934","Prospective Randomized Study of Objective and Subjective Clinical Results Between Double-Bundle and Single-Bundle Anterior Cruciate Ligament Reconstruction","Sasaki S, Tsuda E, Hiraga Y, Yamamoto Y, Maeda S, Sasaki E, Ishibashi Y.","Am J Sports Med. 2016 Apr;44(4):855-64. doi: 10.1177/0363546515624471. Epub 2016 Feb 2.","Sasaki S","Am J Sports Med","2016","2016/02/04","","","10.1177/0363546515624471"
"26725050","No significant difference in clinical outcome and knee stability between patellar tendon and semitendinosus tendon in anterior cruciate ligament reconstruction","Konrads C, Reppenhagen S, Plumhoff P, Hoberg M, Rudert M, Barthel T.","Arch Orthop Trauma Surg. 2016 Apr;136(4):521-5. doi: 10.1007/s00402-015-2386-4. Epub 2016 Jan 2.","Konrads C","Arch Orthop Trauma Surg","2016","2016/01/04","","","10.1007/s00402-015-2386-4"
"26578718","Comparison of Patellar Tendon and Hamstring Tendon Anterior Cruciate Ligament Reconstruction: A 15-Year Follow-up of a Randomized Controlled Trial","Webster KE, Feller JA, Hartnett N, Leigh WB, Richmond AK.","Am J Sports Med. 2016 Jan;44(1):83-90. doi: 10.1177/0363546515611886. Epub 2015 Nov 17.","Webster KE","Am J Sports Med","2016","2015/11/19","","","10.1177/0363546515611886"
"26164058","Reruptures, Reinjuries, and Revisions at a Minimum 2-Year Follow-up: A Randomized Clinical Trial Comparing 3 Graft Types for ACL Reconstruction","Mohtadi N, Chan D, Barber R, Paolucci EO.","Clin J Sport Med. 2016 Mar;26(2):96-107. doi: 10.1097/JSM.0000000000000209.","Mohtadi N","Clin J Sport Med","2016","2015/07/13","","","10.1097/JSM.0000000000000209"
"26039020","[Long-term outcomes after ""anatomic"" reconstruction of anterior cruciate ligament using central third of patellar tendon]","Płomiński J, Piątkowski K, Rowicki K.","Pol Merkur Lekarski. 2015 May;38(227):263-8.","Płomiński J","Pol Merkur Lekarski","2015","2015/06/04","","",""
"25514139","A Randomized Clinical Trial Comparing Patellar Tendon, Hamstring Tendon, and Double-Bundle ACL Reconstructions: Patient-Reported and Clinical Outcomes at a Minimal 2-Year Follow-up","Mohtadi N, Chan D, Barber R, Oddone Paolucci E.","Clin J Sport Med. 2015 Jul;25(4):321-31. doi: 10.1097/JSM.0000000000000165.","Mohtadi N","Clin J Sport Med","2015","2014/12/17","","","10.1097/JSM.0000000000000165"
"25384473","Comparison between two different platelet-rich plasma preparations and control applied during anterior cruciate ligament reconstruction. Is there any evidence to support their use?","Valentí Azcárate A, Lamo-Espinosa J, Aquerreta Beola JD, Hernandez Gonzalez M, Mora Gasque G, Valentí Nin JR.","Injury. 2014 Oct;45 Suppl 4:S36-41. doi: 10.1016/S0020-1383(14)70008-7.","Valentí Azcárate A","Injury","2014","2014/11/12","","","10.1016/S0020-1383(14)70008-7"
"25192689","Anterior cruciate ligament reconstruction and return to sport activity: postural control as the key to success","Papalia R, Franceschi F, Tecame A, D'Adamio S, Maffulli N, Denaro V.","Int Orthop. 2015 Mar;39(3):527-34. doi: 10.1007/s00264-014-2513-9. Epub 2014 Sep 6.","Papalia R","Int Orthop","2015","2014/09/07","","","10.1007/s00264-014-2513-9"
"25128968","A comparison of ACL reconstruction using patellar tendon versus hamstring autograft in female patients: a prospective randomised study","Kautzner J, Kos P, Hanus M, Trc T, Havlas V.","Int Orthop. 2015 Jan;39(1):125-30. doi: 10.1007/s00264-014-2495-7. Epub 2014 Aug 17.","Kautzner J","Int Orthop","2015","2014/08/18","","","10.1007/s00264-014-2495-7"
"24825597","Primary anterior cruciate ligament reconstruction in athletes: a 5-year follow up comparing patellar tendon versus hamstring tendon autograft","Leitgeb J, Köttstorfer J, Schuster R, Kovar FM, Platzer P, Aldrian S.","Wien Klin Wochenschr. 2014 Jul;126(13-14):397-402. doi: 10.1007/s00508-014-0550-4. Epub 2014 May 14.","Leitgeb J","Wien Klin Wochenschr","2014","2014/05/15","","","10.1007/s00508-014-0550-4"
"24756534","ACL reconstruction using bone-patella tendon-bone autograft: press-fit technique vs. interference screw fixation","Sarzaeem MM, Najafi F, Razi M, Najafi MA.","Arch Orthop Trauma Surg. 2014 Jul;134(7):955-62. doi: 10.1007/s00402-014-1999-3. Epub 2014 Apr 23.","Sarzaeem MM","Arch Orthop Trauma Surg","2014","2014/04/24","","","10.1007/s00402-014-1999-3"
"24644301","Increased risk of osteoarthritis after anterior cruciate ligament reconstruction: a 14-year follow-up study of a randomized controlled trial","Barenius B, Ponzer S, Shalabi A, Bujak R, Norlén L, Eriksson K.","Am J Sports Med. 2014 May;42(5):1049-57. doi: 10.1177/0363546514526139. Epub 2014 Mar 18.","Barenius B","Am J Sports Med","2014","2014/03/20","","","10.1177/0363546514526139"
"24630956","Is quadriceps tendon a better graft choice than patellar tendon? a prospective randomized study","Lund B, Nielsen T, Faunø P, Christiansen SE, Lind M.","Arthroscopy. 2014 May;30(5):593-8. doi: 10.1016/j.arthro.2014.01.012. Epub 2014 Mar 14.","Lund B","Arthroscopy","2014","2014/03/18","","","10.1016/j.arthro.2014.01.012"
"24001575","Ipsilateral versus contralateral hamstring grafts in anterior cruciate ligament reconstruction: a prospective randomized trial","McRae S, Leiter J, McCormack R, Old J, MacDonald P.","Am J Sports Med. 2013 Nov;41(11):2492-9. doi: 10.1177/0363546513499140. Epub 2013 Sep 3.","McRae S","Am J Sports Med","2013","2013/09/05","","","10.1177/0363546513499140"
"23996068","Long-term results of a randomized study on anterior cruciate ligament reconstruction with or without a synthetic degradable augmentation device to support the autograft","Peterson L, Eklund U, Engström B, Forssblad M, Saartok T, Valentin A.","Knee Surg Sports Traumatol Arthrosc. 2014 Sep;22(9):2109-20. doi: 10.1007/s00167-013-2636-3. Epub 2013 Aug 31.","Peterson L","Knee Surg Sports Traumatol Arthrosc","2014","2013/09/03","","","10.1007/s00167-013-2636-3"
"23974633","Iliotibial band autograft versus bone-patella-tendon-bone autograft, a possible alternative for ACL reconstruction: a 15-year prospective randomized controlled trial","Stensbirk F, Thorborg K, Konradsen L, Jørgensen U, Hölmich P.","Knee Surg Sports Traumatol Arthrosc. 2014 Sep;22(9):2094-101. doi: 10.1007/s00167-013-2630-9. Epub 2013 Aug 24.","Stensbirk F","Knee Surg Sports Traumatol Arthrosc","2014","2013/08/27","","","10.1007/s00167-013-2630-9"
"23807029","Brace or no-brace after ACL graft? Four-year results of a prospective clinical trial","Mayr HO, Stüeken P, Münch EO, Wolter M, Bernstein A, Suedkamp NP, Stoehr A.","Knee Surg Sports Traumatol Arthrosc. 2014 May;22(5):1156-62. doi: 10.1007/s00167-013-2564-2. Epub 2013 Jun 27.","Mayr HO","Knee Surg Sports Traumatol Arthrosc","2014","2013/06/29","","","10.1007/s00167-013-2564-2"
"23575562","Poly L-lactide co-glycolide/β-tricalcium phosphate interference screw fixation for bone-patellar tendon bone anterior cruciate ligament reconstruction","Barber FA, Hrnack SA.","J Knee Surg. 2013 Dec;26(6):423-8. doi: 10.1055/s-0033-1343614. Epub 2013 Apr 10.","Barber FA","J Knee Surg","2013","2013/04/12","","","10.1055/s-0033-1343614"
"23203337","Aseptically processed and chemically sterilized BTB allografts for anterior cruciate ligament reconstruction: a prospective randomized study","Indelicato PA, Ciccotti MG, Boyd J, Higgins LD, Shaffer BS, Vangsness CT Jr.","Knee Surg Sports Traumatol Arthrosc. 2013 Sep;21(9):2107-12. doi: 10.1007/s00167-012-2309-7. Epub 2012 Dec 1.","Indelicato PA","Knee Surg Sports Traumatol Arthrosc","2013","2012/12/04","PMC3751503","","10.1007/s00167-012-2309-7"
"22425308","A randomized controlled trial comparing bone mineral density changes of three different ACL reconstruction techniques","Lui PP, Cheng YY, Yung SH, Hung AS, Chan KM.","Knee. 2012 Dec;19(6):779-85. doi: 10.1016/j.knee.2012.02.005. Epub 2012 Mar 16.","Lui PP","Knee","2012","2012/03/20","","","10.1016/j.knee.2012.02.005"
"22407182","Long-term follow-up of patellar tendon grafts or hamstring tendon grafts in endoscopic ACL reconstructions","Gifstad T, Sole A, Strand T, Uppheim G, Grøntvedt T, Drogset JO.","Knee Surg Sports Traumatol Arthrosc. 2013 Mar;21(3):576-83. doi: 10.1007/s00167-012-1947-0. Epub 2012 Mar 10.","Gifstad T","Knee Surg Sports Traumatol Arthrosc","2013","2012/03/13","","","10.1007/s00167-012-1947-0"
"22184280","Clinical results and risk factors for reinjury 15 years after anterior cruciate ligament reconstruction: a prospective study of hamstring and patellar tendon grafts","Leys T, Salmon L, Waller A, Linklater J, Pinczewski L.","Am J Sports Med. 2012 Mar;40(3):595-605. doi: 10.1177/0363546511430375. Epub 2011 Dec 19.","Leys T","Am J Sports Med","2012","2011/12/21","","","10.1177/0363546511430375"
"21712483","Quality of life and clinical outcome comparison of semitendinosus and gracilis tendon versus patellar tendon autografts for anterior cruciate ligament reconstruction: an 11-year follow-up of a randomized controlled trial","Sajovic M, Strahovnik A, Dernovsek MZ, Skaza K.","Am J Sports Med. 2011 Oct;39(10):2161-9. doi: 10.1177/0363546511411702. Epub 2011 Jun 28.","Sajovic M","Am J Sports Med","2011","2011/06/30","","","10.1177/0363546511411702"
"21710112","Isokinetic muscle strength and knee function associated with double femoral pin fixation and fixation with interference screw in anterior cruciate ligament reconstruction","Fernandes TL, Protta TR, Fregni F, Neto RB, Pedrinelli A, Camanho GL, Hernandez AJ.","Knee Surg Sports Traumatol Arthrosc. 2012 Feb;20(2):275-80. doi: 10.1007/s00167-011-1585-y. Epub 2011 Jun 28.","Fernandes TL","Knee Surg Sports Traumatol Arthrosc","2012","2011/06/29","","","10.1007/s00167-011-1585-y"
"21694588","Anterior cruciate ligament reconstruction: a multicenter prospective cohort study evaluating 3 different grafts using same bone drilling method","Leal-Blanquet J, Alentorn-Geli E, Tuneu J, Valentí JR, Maestro A.","Clin J Sport Med. 2011 Jul;21(4):294-300. doi: 10.1097/JSM.0b013e31822153cb.","Leal-Blanquet J","Clin J Sport Med","2011","2011/06/23","","","10.1097/JSM.0b013e31822153cb"
"21663722","Anterior cruciate ligament reconstruction using patellar tendon versus hamstring tendon: a prospective comparative study with 9-year follow-up","Wipfler B, Donner S, Zechmann CM, Springer J, Siebold R, Paessler HH.","Arthroscopy. 2011 May;27(5):653-65. doi: 10.1016/j.arthro.2011.01.015.","Wipfler B","Arthroscopy","2011","2011/06/14","","","10.1016/j.arthro.2011.01.015"
"21429700","Long-term degradation of a poly-lactide co-glycolide/β-tricalcium phosphate biocomposite interference screw","Barber FA, Dockery WD, Hrnack SA.","Arthroscopy. 2011 May;27(5):637-43. doi: 10.1016/j.arthro.2010.11.056. Epub 2011 Mar 23.","Barber FA","Arthroscopy","2011","2011/03/25","","","10.1016/j.arthro.2010.11.056"
"21287172","Long-term results of anterior cruciate ligament reconstruction: a comparison with non-operative treatment with a follow-up of 17-20 years","Mihelic R, Jurdana H, Jotanovic Z, Madjarevic T, Tudor A.","Int Orthop. 2011 Jul;35(7):1093-7. doi: 10.1007/s00264-011-1206-x. Epub 2011 Feb 2.","Mihelic R","Int Orthop","2011","2011/02/03","PMC3167409","","10.1007/s00264-011-1206-x"
"21234545","A prospective randomized study of ACL-reconstructions using bone-patellar tendon-bone grafts fixed with bioabsorbable or metal interference screws","Drogset JO, Straume LG, Bjørkmo I, Myhr G.","Knee Surg Sports Traumatol Arthrosc. 2011 May;19(5):753-9. doi: 10.1007/s00167-010-1353-4. Epub 2011 Jan 14.","Drogset JO","Knee Surg Sports Traumatol Arthrosc","2011","2011/01/15","PMC3076560","","10.1007/s00167-010-1353-4"
"20934698","ACL reconstruction in sports active people: transtibial DB technique with ST/G vs. transtibial SB technique with BPTB: preliminary results","Volpi P, Cervellin M, Denti M, Bait C, Melegati G, Quaglia A, de Girolamo L.","Injury. 2010 Nov;41(11):1168-71. doi: 10.1016/j.injury.2010.09.029. Epub 2010 Oct 8.","Volpi P","Injury","2010","2010/10/12","","","10.1016/j.injury.2010.09.029"
"20668835","Single-bundle patellar tendon versus non-anatomical double-bundle hamstrings ACL reconstruction: a prospective randomized study at 8-year minimum follow-up","Zaffagnini S, Bruni D, Marcheggiani Muccioli GM, Bonanzinga T, Lopomo N, Bignozzi S, Marcacci M.","Knee Surg Sports Traumatol Arthrosc. 2011 Mar;19(3):390-7. doi: 10.1007/s00167-010-1225-y. Epub 2010 Jul 29.","Zaffagnini S","Knee Surg Sports Traumatol Arthrosc","2011","2010/07/30","","","10.1007/s00167-010-1225-y"
"20566719","Quality of life and clinical outcome after anterior cruciate ligament reconstruction using patellar tendon graft or quadrupled semitendinosus graft: an 8-year follow-up of a randomized controlled trial","Barenius B, Nordlander M, Ponzer S, Tidermark J, Eriksson K.","Am J Sports Med. 2010 Aug;38(8):1533-41. doi: 10.1177/0363546510369549. Epub 2010 Jun 21.","Barenius B","Am J Sports Med","2010","2010/06/23","","","10.1177/0363546510369549"
"20401753","Anteromedial portal versus transtibial drilling techniques in ACL reconstruction: a blinded cross-sectional study at two- to five-year follow-up","Alentorn-Geli E, Samitier G, Alvarez P, Steinbacher G, Cugat R.","Int Orthop. 2010 Jun;34(5):747-54. doi: 10.1007/s00264-010-1000-1. Epub 2010 Apr 20.","Alentorn-Geli E","Int Orthop","2010","2010/04/20","PMC2903180","","10.1007/s00264-010-1000-1"
"20194956","Early versus late start of isokinetic hamstring-strengthening exercise after anterior cruciate ligament reconstruction with patellar tendon graft","Sekir U, Gur H, Akova B.","Am J Sports Med. 2010 Mar;38(3):492-500. doi: 10.1177/0363546509349490.","Sekir U","Am J Sports Med","2010","2010/03/03","","","10.1177/0363546509349490"
"20097928","No difference in knee function or prevalence of osteoarthritis after reconstruction of the anterior cruciate ligament with 4-strand hamstring autograft versus patellar tendon-bone autograft: a randomized study with 10-year follow-up","Holm I, Oiestad BE, Risberg MA, Aune AK.","Am J Sports Med. 2010 Mar;38(3):448-54. doi: 10.1177/0363546509350301. Epub 2010 Jan 23.","Holm I","Am J Sports Med","2010","2010/01/26","","","10.1177/0363546509350301"
"19956928","Autologous patellar tendon and quadrupled hamstring grafts in anterior cruciate ligament reconstruction: a prospective randomized multicenter review of different fixation methods","Drogset JO, Strand T, Uppheim G, Odegård B, Bøe A, Grøntvedt T.","Knee Surg Sports Traumatol Arthrosc. 2010 Aug;18(8):1085-93. doi: 10.1007/s00167-009-0996-5. Epub 2009 Dec 3.","Drogset JO","Knee Surg Sports Traumatol Arthrosc","2010","2009/12/04","","","10.1007/s00167-009-0996-5"
"19861236","Arthroscopic anterior cruciate ligament surgery: results of autogenous patellar tendon graft versus the Leeds-Keio synthetic graft five year follow-up of a prospective randomised controlled trial","Ghalayini SR, Helm AT, Bonshahi AY, Lavender A, Johnson DS, Smith RB.","Knee. 2010 Oct;17(5):334-9. doi: 10.1016/j.knee.2009.09.008. Epub 2009 Oct 25.","Ghalayini SR","Knee","2010","2009/10/29","","","10.1016/j.knee.2009.09.008"
"19801284","Anterior cruciate ligament reconstruction with and without computer navigation: a clinical and magnetic resonance imaging evaluation 2 years after surgery","Endele D, Jung C, Becker U, Bauer G, Mauch F.","Arthroscopy. 2009 Oct;25(10):1067-74. doi: 10.1016/j.arthro.2009.05.016.","Endele D","Arthroscopy","2009","2009/10/06","","","10.1016/j.arthro.2009.05.016"
"19684298","Patellar tendon versus hamstring tendon autografts for anterior cruciate ligament reconstruction: a randomized controlled trial using similar femoral and tibial fixation methods","Taylor DC, DeBerardino TM, Nelson BJ, Duffey M, Tenuta J, Stoneman PD, Sturdivant RX, Mountcastle S.","Am J Sports Med. 2009 Oct;37(10):1946-57. doi: 10.1177/0363546509339577. Epub 2009 Aug 14.","Taylor DC","Am J Sports Med","2009","2009/08/18","","","10.1177/0363546509339577"
"19575180","Knee laxity measurements after anterior cruciate ligament reconstruction, using either bone-patellar-tendon-bone or hamstring tendon autografts, with special emphasis on comparison over time","Ahldén M, Kartus J, Ejerhed L, Karlsson J, Sernert N.","Knee Surg Sports Traumatol Arthrosc. 2009 Sep;17(9):1117-24. doi: 10.1007/s00167-009-0846-5. Epub 2009 Jul 3.","Ahldén M","Knee Surg Sports Traumatol Arthrosc","2009","2009/07/04","","","10.1007/s00167-009-0846-5"
"19374299","Clinical comparison between six-strand hamstring tendon and patellar tendon autograft in arthroscopic anterior cruciate ligament reconstruction: a prospective, randomized clinical trial","Laoruengthana A, Pattayakorn S, Chotanaputhi T, Kosiyatrakul A.","J Med Assoc Thai. 2009 Apr;92(4):491-7.","Laoruengthana A","J Med Assoc Thai","2009","2009/04/21","","",""
"18989731","Comparable results between lateralized single- and double-bundle ACL reconstructions","Tsuda E, Ishibashi Y, Fukuda A, Tsukada H, Toh S.","Clin Orthop Relat Res. 2009 Apr;467(4):1042-55. doi: 10.1007/s11999-008-0604-x. Epub 2008 Nov 7.","Tsuda E","Clin Orthop Relat Res","2009","2008/11/08","PMC2650066","","10.1007/s11999-008-0604-x"
"18929746","[Interest of an iterative specialized rehabilitation after an anterior cruciate ligament reconstruction in high level sport athletes]","Laboute E, Savalli L, Lefesvre T, Puig P, Trouve P.","Rev Chir Orthop Reparatrice Appar Mot. 2008 Oct;94(6):533-40. doi: 10.1016/j.rco.2008.01.008. Epub 2008 Mar 26.","Laboute E","Rev Chir Orthop Reparatrice Appar Mot","2008","2008/10/22","","","10.1016/j.rco.2008.01.008"
"18196393","Anterior cruciate ligament reconstruction : quadriceps versus patellar autograft","Han HS, Seong SC, Lee S, Lee MC.","Clin Orthop Relat Res. 2008 Jan;466(1):198-204. doi: 10.1007/s11999-007-0015-4. Epub 2008 Jan 3.","Han HS","Clin Orthop Relat Res","2008","2008/01/16","PMC2505304","","10.1007/s11999-007-0015-4"
"17620776","Preliminary effects of hyaluronic acid on early rehabilitation of patients with isolated anterior cruciate ligament reconstruction","Huang MH, Yang RC, Chou PH.","Clin J Sport Med. 2007 Jul;17(4):242-50. doi: 10.1097/JSM.0b013e31812570fa.","Huang MH","Clin J Sport Med","2007","2007/07/11","","","10.1097/JSM.0b013e31812570fa"
"17478277","Bilok interference screws for anterior cruciate ligament reconstruction: clinical and radiographic outcomes","Barber FA, Boothby MH.","Arthroscopy. 2007 May;23(5):476-81. doi: 10.1016/j.arthro.2006.12.026.","Barber FA","Arthroscopy","2007","2007/05/05","","","10.1016/j.arthro.2006.12.026"
"17431619","The effect of graft choice on functional outcome in anterior cruciate ligament reconstruction","Sajovic M, Strahovnik A, Komadina R, Dernovsek MZ.","Int Orthop. 2008 Aug;32(4):473-8. doi: 10.1007/s00264-007-0341-x. Epub 2007 Mar 13.","Sajovic M","Int Orthop","2008","2007/04/14","PMC2532271","","10.1007/s00264-007-0341-x"
"17293471","Patellar tendon or semitendinosus tendon autografts for anterior cruciate ligament reconstruction: a prospective, randomized study with a 7-Year follow-up","Lidén M, Ejerhed L, Sernert N, Laxdal G, Kartus J.","Am J Sports Med. 2007 May;35(5):740-8. doi: 10.1177/0363546506298275. Epub 2007 Feb 9.","Lidén M","Am J Sports Med","2007","2007/02/13","","","10.1177/0363546506298275"
"17261567","A 10-year comparison of anterior cruciate ligament reconstructions with hamstring tendon and patellar tendon autograft: a controlled, prospective trial","Pinczewski LA, Lyman J, Salmon LJ, Russell VJ, Roe J, Linklater J.","Am J Sports Med. 2007 Apr;35(4):564-74. doi: 10.1177/0363546506296042. Epub 2007 Jan 29.","Pinczewski LA","Am J Sports Med","2007","2007/01/31","","","10.1177/0363546506296042"
"17251174","Effectiveness of reconstruction of the anterior cruciate ligament with quadrupled hamstrings and bone-patellar tendon-bone autografts: an in vivo study comparing tibial internal-external rotation","Chouliaras V, Ristanis S, Moraiti C, Stergiou N, Georgoulis AD.","Am J Sports Med. 2007 Feb;35(2):189-96. doi: 10.1177/0363546506296040. Epub 2007 Jan 23.","Chouliaras V","Am J Sports Med","2007","2007/01/26","","","10.1177/0363546506296040"
"17245238","[Intra-articular reconstruction of the anterior cruciate ligament with and without extra-articular supplementation by quadricipital tendon plasty: seven-year follow-up]","Giraud B, Besse JL, Cladière F, Ecochard R, Moyen B, Lerat JL.","Rev Chir Orthop Reparatrice Appar Mot. 2006 Dec;92(8):788-97. doi: 10.1016/s0035-1040(06)75947-5.","Giraud B","Rev Chir Orthop Reparatrice Appar Mot","2006","2007/01/25","","","10.1016/s0035-1040(06)75947-5"
"17219226","Early versus late start of open kinetic chain quadriceps exercises after ACL reconstruction with patellar tendon or hamstring grafts: a prospective randomized outcome study","Heijne A, Werner S.","Knee Surg Sports Traumatol Arthrosc. 2007 Apr;15(4):402-14. doi: 10.1007/s00167-006-0246-z. Epub 2007 Jan 12.","Heijne A","Knee Surg Sports Traumatol Arthrosc","2007","2007/01/16","","","10.1007/s00167-006-0246-z"
"17218661","A prospective randomized study of anterior cruciate ligament reconstruction: a comparison of patellar tendon and quadruple-strand semitendinosus/gracilis tendons fixed with bioabsorbable interference screws","Maletis GB, Cameron SL, Tengan JJ, Burchette RJ.","Am J Sports Med. 2007 Mar;35(3):384-94. doi: 10.1177/0363546506294361. Epub 2007 Jan 11.","Maletis GB","Am J Sports Med","2007","2007/01/16","","","10.1177/0363546506294361"
"17129731","A prospective study of 3-day versus 2-week immobilization period after anterior cruciate ligament reconstruction","Ito Y, Deie M, Adachi N, Kobayashi K, Kanaya A, Miyamoto A, Nakasa T, Ochi M.","Knee. 2007 Jan;14(1):34-8. doi: 10.1016/j.knee.2006.10.004. Epub 2006 Nov 28.","Ito Y","Knee","2007","2006/11/30","","","10.1016/j.knee.2006.10.004"
"16955299","Early active extension after anterior cruciate ligament reconstruction does not result in increased laxity of the knee","Isberg J, Faxén E, Brandsson S, Eriksson BI, Kärrholm J, Karlsson J.","Knee Surg Sports Traumatol Arthrosc. 2006 Nov;14(11):1108-15. doi: 10.1007/s00167-006-0138-2. Epub 2006 Sep 6.","Isberg J","Knee Surg Sports Traumatol Arthrosc","2006","2006/09/07","","","10.1007/s00167-006-0138-2"
"16923826","A prospective, randomized comparison of semitendinosus and gracilis tendon versus patellar tendon autografts for anterior cruciate ligament reconstruction: five-year follow-up","Sajovic M, Vengust V, Komadina R, Tavcar R, Skaza K.","Am J Sports Med. 2006 Dec;34(12):1933-40. doi: 10.1177/0363546506290726. Epub 2006 Aug 21.","Sajovic M","Am J Sports Med","2006","2006/08/23","","","10.1177/0363546506290726"
"16552549","Randomized prospective study of ACL reconstruction with interference screw fixation in patellar tendon autografts versus femoral metal plate suspension and tibial post fixation in hamstring tendon autografts: 5-year clinical and radiological follow-up results","Harilainen A, Linko E, Sandelin J.","Knee Surg Sports Traumatol Arthrosc. 2006 Jun;14(6):517-28. doi: 10.1007/s00167-006-0059-0. Epub 2006 Mar 22.","Harilainen A","Knee Surg Sports Traumatol Arthrosc","2006","2006/03/23","","","10.1007/s00167-006-0059-0"
"16496124","Factors affecting return to sports after anterior cruciate ligament reconstruction with patellar tendon and hamstring graft: a prospective clinical investigation","Gobbi A, Francisco R.","Knee Surg Sports Traumatol Arthrosc. 2006 Oct;14(10):1021-8. doi: 10.1007/s00167-006-0050-9. Epub 2006 Feb 22.","Gobbi A","Knee Surg Sports Traumatol Arthrosc","2006","2006/02/24","","","10.1007/s00167-006-0050-9"
"16452264","Operative and nonoperative treatments of medial collateral ligament rupture with early anterior cruciate ligament reconstruction: a prospective randomized study","Halinen J, Lindahl J, Hirvensalo E, Santavirta S.","Am J Sports Med. 2006 Jul;34(7):1134-40. doi: 10.1177/0363546505284889. Epub 2006 Feb 1.","Halinen J","Am J Sports Med","2006","2006/02/03","","","10.1177/0363546505284889"
"16430676","Post-operative use of knee brace in bone-tendon-bone patellar tendon anterior cruciate ligament reconstruction: 5-year follow-up results of a randomized prospective study","Harilainen A, Sandelin J.","Scand J Med Sci Sports. 2006 Feb;16(1):14-8. doi: 10.1111/j.1600-0838.2004.00435.x.","Harilainen A","Scand J Med Sci Sports","2006","2006/01/25","","","10.1111/j.1600-0838.2004.00435.x"
"16292682","A prospective comparison of bone-patellar tendon-bone and hamstring grafts for anterior cruciate ligament reconstruction in female patients","Svensson M, Sernert N, Ejerhed L, Karlsson J, Kartus JT.","Knee Surg Sports Traumatol Arthrosc. 2006 Mar;14(3):278-86. doi: 10.1007/s00167-005-0708-8. Epub 2005 Nov 16.","Svensson M","Knee Surg Sports Traumatol Arthrosc","2006","2005/11/18","","","10.1007/s00167-005-0708-8"
"16282583","A comparison of bone-patellar tendon-bone and bone-hamstring tendon-bone autografts for anterior cruciate ligament reconstruction","Matsumoto A, Yoshiya S, Muratsu H, Yagi M, Iwasaki Y, Kurosaka M, Kuroda R.","Am J Sports Med. 2006 Feb;34(2):213-9. doi: 10.1177/0363546505279919. Epub 2005 Nov 10.","Matsumoto A","Am J Sports Med","2006","2005/11/12","","","10.1177/0363546505279919"
"16000666","Endoscopic reconstruction of the anterior cruciate ligament using bone-patellar tendon-bone grafts fixed with bioabsorbable or metal interference screws: a prospective randomized study of the clinical outcome","Drogset JO, Grøntvedt T, Tegnander A.","Am J Sports Med. 2005 Aug;33(8):1160-5. doi: 10.1177/0363546504272264. Epub 2005 Jul 6.","Drogset JO","Am J Sports Med","2005","2005/07/08","","","10.1177/0363546504272264"
"15928958","[ACL reconstruction with bone-patellar tendon-bone graft and proximal fixation with the EndoButton: a 2- to 5-year follow-up]","Tecklenburg K, Hoser C, Sailer R, Oberladstätter J, Fink C.","Unfallchirurg. 2005 Sep;108(9):721-7. doi: 10.1007/s00113-005-0948-6.","Tecklenburg K","Unfallchirurg","2005","2005/06/02","","","10.1007/s00113-005-0948-6"
"15800520","Clinical evaluation of arthroscopically assisted anterior cruciate ligament reconstruction: patellar tendon versus gracilis and semitendinosus autograft","Ibrahim SA, Al-Kussary IM, Al-Misfer AR, Al-Mutairi HQ, Ghafar SA, El Noor TA.","Arthroscopy. 2005 Apr;21(4):412-7. doi: 10.1016/j.arthro.2004.12.002.","Ibrahim SA","Arthroscopy","2005","2005/04/01","","","10.1016/j.arthro.2004.12.002"
"15716250","Rehabilitation after anterior cruciate ligament reconstruction: a prospective, randomized, double-blind comparison of programs administered over 2 different time intervals","Beynnon BD, Uh BS, Johnson RJ, Abate JA, Nichols CE, Fleming BC, Poole AR, Roos H.","Am J Sports Med. 2005 Mar;33(3):347-59. doi: 10.1177/0363546504268406.","Beynnon BD","Am J Sports Med","2005","2005/02/18","","","10.1177/0363546504268406"
"15711494","[Reliability of the KT-1000 arthrometer (Medmetric) for measuring anterior knee laxity: comparison with Telos in 147 knees]","Boyer P, Djian P, Christel P, Paoletti X, Degeorges R.","Rev Chir Orthop Reparatrice Appar Mot. 2004 Dec;90(8):757-64. doi: 10.1016/s0035-1040(04)70756-4.","Boyer P","Rev Chir Orthop Reparatrice Appar Mot","2004","2005/02/16","","","10.1016/s0035-1040(04)70756-4"
"15689862","A prospective randomized comparison of bioabsorbable and titanium anterior cruciate ligament interference screws","Kaeding C, Farr J, Kavanaugh T, Pedroza A.","Arthroscopy. 2005 Feb;21(2):147-51. doi: 10.1016/j.arthro.2004.09.012.","Kaeding C","Arthroscopy","2005","2005/02/04","","","10.1016/j.arthro.2004.09.012"
"15650664","A prospective randomized comparison of bone-patellar tendon-bone and hamstring grafts for anterior cruciate ligament reconstruction","Laxdal G, Kartus J, Hansson L, Heidvall M, Ejerhed L, Karlsson J.","Arthroscopy. 2005 Jan;21(1):34-42. doi: 10.1016/j.arthro.2004.09.014.","Laxdal G","Arthroscopy","2005","2005/01/15","","","10.1016/j.arthro.2004.09.014"
"15611004","The influence of supplementary tibial fixation on laxity measurements after anterior cruciate ligament reconstruction with hamstring tendons in female patients","Hill PF, Russell VJ, Salmon LJ, Pinczewski LA.","Am J Sports Med. 2005 Jan;33(1):94-101. doi: 10.1177/0363546504268036.","Hill PF","Am J Sports Med","2005","2004/12/22","","","10.1177/0363546504268036"
"15572316","A prospectively randomized double-blind study on the effect of initial graft tension on knee stability after anterior cruciate ligament reconstruction","Nicholas SJ, D'Amato MJ, Mullaney MJ, Tyler TF, Kolstad K, McHugh MP.","Am J Sports Med. 2004 Dec;32(8):1881-6. doi: 10.1177/0363546504265924.","Nicholas SJ","Am J Sports Med","2004","2004/12/02","","","10.1177/0363546504265924"
"15516013","Arthroscopically assisted anterior cruciate ligament reconstruction: comparison of bone-patellar tendon-bone versus hamstring tendon autograft","Boonriong T, Kietsiriroje N.","J Med Assoc Thai. 2004 Sep;87(9):1100-7.","Boonriong T","J Med Assoc Thai","2004","2004/11/02","","",""
"15466722","Anterior cruciate ligament reconstruction: bone-patellar tendon-bone compared with double semitendinosus and gracilis tendon grafts. A prospective, randomized clinical trial","Aglietti P, Giron F, Buzzi R, Biddau F, Sasso F.","J Bone Joint Surg Am. 2004 Oct;86(10):2143-55.","Aglietti P","J Bone Joint Surg Am","2004","2004/10/07","","",""
"13679741","[Patellar tendon-bone autograft reconstruction of the anterior cruciate ligament for advanced-stage chronic anterior laxity: is an extra-articular plasty necessary? A prospective randomized study of 100 patients with five year follow-up]","Acquitter Y, Hulet C, Locker B, Delbarre JC, Jambou S, Vielpeau C.","Rev Chir Orthop Reparatrice Appar Mot. 2003 Sep;89(5):413-22.","Acquitter Y","Rev Chir Orthop Reparatrice Appar Mot","2003","2003/09/19","","",""
"12897981","Can a post-operative brace in slight hyperextension prevent extension deficit after anterior cruciate ligament reconstruction? A prospective randomised study","Mikkelsen C, Cerulli G, Lorenzini M, Bergstrand G, Werner S.","Knee Surg Sports Traumatol Arthrosc. 2003 Sep;11(5):318-21. doi: 10.1007/s00167-003-0406-3. Epub 2003 Jul 26.","Mikkelsen C","Knee Surg Sports Traumatol Arthrosc","2003","2003/08/05","","","10.1007/s00167-003-0406-3"
"12879225","The role of the rehabilitation brace in restoring knee extension after anterior cruciate ligament reconstruction: a prospective controlled study","Melegati G, Tornese D, Bandi M, Volpi P, Schonhuber H, Denti M.","Knee Surg Sports Traumatol Arthrosc. 2003 Sep;11(5):322-6. doi: 10.1007/s00167-003-0386-3. Epub 2003 Jul 16.","Melegati G","Knee Surg Sports Traumatol Arthrosc","2003","2003/07/25","","","10.1007/s00167-003-0386-3"
"12860546","A randomized comparison of patellar tendon and hamstring tendon anterior cruciate ligament reconstruction","Feller JA, Webster KE.","Am J Sports Med. 2003 Jul-Aug;31(4):564-73. doi: 10.1177/03635465030310041501.","Feller JA","Am J Sports Med","2003","2003/07/16","","","10.1177/03635465030310041501"
"12734710","Reconstruction of acute anterior cruciate ligament injuries: a prospective, randomised study of 40 patients with 7-year follow-up. No advantage of synthetic augmentation compared to a traditional patellar tendon graft","Muren O, Dahlstedt L, Dalén N.","Arch Orthop Trauma Surg. 2003 May;123(4):144-7. doi: 10.1007/s00402-002-0457-9. Epub 2003 Jan 11.","Muren O","Arch Orthop Trauma Surg","2003","2003/05/08","","","10.1007/s00402-002-0457-9"
"12642266","Comparison of three techniques of anterior cruciate ligament reconstruction with bone-patellar tendon-bone graft. Differences in anterior tibial translation and tunnel enlargement with each technique","Otsuka H, Ishibashi Y, Tsuda E, Sasaki K, Toh S.","Am J Sports Med. 2003 Mar-Apr;31(2):282-8. doi: 10.1177/03635465030310022101.","Otsuka H","Am J Sports Med","2003","2003/03/19","","","10.1177/03635465030310022101"
"12531752","Patellar tendon or semitendinosus tendon autografts for anterior cruciate ligament reconstruction? A prospective randomized study with a two-year follow-up","Ejerhed L, Kartus J, Sernert N, Köhler K, Karlsson J.","Am J Sports Med. 2003 Jan-Feb;31(1):19-25. doi: 10.1177/03635465030310011401.","Ejerhed L","Am J Sports Med","2003","2003/01/18","","","10.1177/03635465030310011401"
"12531751","A prospective randomized study of patellar versus hamstring tendon autografts for anterior cruciate ligament reconstruction","Jansson KA, Linko E, Sandelin J, Harilainen A.","Am J Sports Med. 2003 Jan-Feb;31(1):12-8. doi: 10.1177/03635465030310010501.","Jansson KA","Am J Sports Med","2003","2003/01/18","","","10.1177/03635465030310010501"
"12435652","Anterior cruciate ligament reconstruction with and without a ligament augmentation device : results at 8-Year follow-up","Drogset JO, Grøntvedt T.","Am J Sports Med. 2002 Nov-Dec;30(6):851-6. doi: 10.1177/03635465020300061601.","Drogset JO","Am J Sports Med","2002","2002/11/19","","","10.1177/03635465020300061601"
"12243016","[Clinico-histologic comparison of allogenic and autologous bone-tendon-bone using one-third of the patellar tendon in reconstruction of the anterior cruciate ligament]","Gorschewsky O, Browa A, Vogel U, Stauffer E.","Unfallchirurg. 2002 Aug;105(8):703-14. doi: 10.1007/s00113-001-0405-0.","Gorschewsky O","Unfallchirurg","2002","2002/09/24","","","10.1007/s00113-001-0405-0"
"12208905","Anterior cruciate ligament replacement: comparison of bone-patellar tendon-bone grafts with two-strand hamstring grafts. A prospective, randomized study","Beynnon BD, Johnson RJ, Fleming BC, Kannus P, Kaplan M, Samani J, Renström P.","J Bone Joint Surg Am. 2002 Sep;84(9):1503-13. doi: 10.2106/00004623-200209000-00001.","Beynnon BD","J Bone Joint Surg Am","2002","2002/09/05","","","10.2106/00004623-200209000-00001"
"12148189","[Evaluation of the anterior cruciate ligament injury treatment results using patellar tendon grafts]","Gaweda K, Godlewski P.","Chir Narzadow Ruchu Ortop Pol. 2002;67(2):163-7.","Gaweda K","Chir Narzadow Ruchu Ortop Pol","2002","2002/08/01","","",""
"12130407","A five-year comparison of patellar tendon versus four-strand hamstring tendon autograft for arthroscopic reconstruction of the anterior cruciate ligament","Pinczewski LA, Deehan DJ, Salmon LJ, Russell VJ, Clingeleffer A.","Am J Sports Med. 2002 Jul-Aug;30(4):523-36. doi: 10.1177/03635465020300041201.","Pinczewski LA","Am J Sports Med","2002","2002/07/20","","","10.1177/03635465020300041201"
"12121424","Range of motion training in brace vs. plaster immobilization after anterior cruciate ligament reconstruction: a prospective randomized comparison with a 2-year follow-up","Henriksson M, Rockborn P, Good L.","Scand J Med Sci Sports. 2002 Apr;12(2):73-80. doi: 10.1034/j.1600-0838.2002.120203.x.","Henriksson M","Scand J Med Sci Sports","2002","2002/07/18","","","10.1034/j.1600-0838.2002.120203.x"
"12002492","A new generation of artificial ligaments in reconstruction of the anterior cruciate ligament. Two-year follow-up of a randomised trial","Nau T, Lavoie P, Duval N.","J Bone Joint Surg Br. 2002 Apr;84(3):356-60. doi: 10.1302/0301-620x.84b3.12400.","Nau T","J Bone Joint Surg Br","2002","2002/05/11","","","10.1302/0301-620x.84b3.12400"
"11985766","Comparison of functional outcome after anterior cruciate ligament reconstruction resulting in low, normal and increased laxity","Sernert N, Kartus J, Köhler K, Ejerhed L, Brandsson S, Karlsson J.","Scand J Med Sci Sports. 2002 Feb;12(1):47-53. doi: 10.1034/j.1600-0838.2002.120109.x.","Sernert N","Scand J Med Sci Sports","2002","2002/05/03","","","10.1034/j.1600-0838.2002.120109.x"
"11973544","[Anterior cruciate ligament reconstruction: patellar tendon autograft versus four-strand hamstring tendon autografts. A comparative study at one year follow-up]","Katabi M, Djian P, Christel P.","Rev Chir Orthop Reparatrice Appar Mot. 2002 Apr;88(2):139-48.","Katabi M","Rev Chir Orthop Reparatrice Appar Mot","2002","2002/04/26","","",""
"11912091","A prospective randomized comparison of patellar tendon versus semitendinosus and gracilis tendon autografts for anterior cruciate ligament reconstruction","Shaieb MD, Kan DM, Chang SK, Marumoto JM, Richardson AB.","Am J Sports Med. 2002 Mar-Apr;30(2):214-20. doi: 10.1177/03635465020300021201.","Shaieb MD","Am J Sports Med","2002","2002/03/26","","","10.1177/03635465020300021201"
"11798992","Single-versus two-incision technique in anterior cruciate ligament replacement: influence on postoperative muscle function","Hess T, Duchow J, Roland S, Kohn D.","Am J Sports Med. 2002 Jan-Feb;30(1):27-31. doi: 10.1177/03635465020300011801.","Hess T","Am J Sports Med","2002","2002/01/19","","","10.1177/03635465020300011801"
"11768639","Blood loss in anterior cruciate ligament (ACL) reconstruction with and without intercondylar notchplasty: does it affect the clinical outcome?","Pape D, Seil R, Adam F, Gödde S, Georg T, Rupp S, Kohn D.","Arch Orthop Trauma Surg. 2001 Nov;121(10):574-7. doi: 10.1007/s004020100290.","Pape D","Arch Orthop Trauma Surg","2001","2002/01/05","","","10.1007/s004020100290"
"11734484","Four-strand hamstring tendon autograft compared with patellar tendon-bone autograft for anterior cruciate ligament reconstruction. A randomized study with two-year follow-up","Aune AK, Holm I, Risberg MA, Jensen HK, Steen H.","Am J Sports Med. 2001 Nov-Dec;29(6):722-8. doi: 10.1177/03635465010290060901.","Aune AK","Am J Sports Med","2001","2001/12/06","","","10.1177/03635465010290060901"
"11685356","Early post-operative morbidity following anterior cruciate ligament reconstruction: patellar tendon versus hamstring graft","Feller JA, Webster KE, Gavin B.","Knee Surg Sports Traumatol Arthrosc. 2001 Sep;9(5):260-6. doi: 10.1007/s001670100216.","Feller JA","Knee Surg Sports Traumatol Arthrosc","2001","2001/10/31","","","10.1007/s001670100216"
"11536090","Transcondylar screw fixation in anterior cruciate ligament reconstruction","Mariani PP, Camillieri G, Margheritini F.","Arthroscopy. 2001 Sep;17(7):717-23. doi: 10.1053/jars.2001.25277.","Mariani PP","Arthroscopy","2001","2001/09/06","","","10.1053/jars.2001.25277"
"11394606","Anterior cruciate ligament function after tibial eminence fracture in skeletally mature patients","Ahmad CS, Shubin Stein BE, Jeshuran W, Nercessian OA, Henry JH.","Am J Sports Med. 2001 May-Jun;29(3):339-45. doi: 10.1177/03635465010290031501.","Ahmad CS","Am J Sports Med","2001","2001/06/08","","","10.1177/03635465010290031501"
"11394593","Anterior cruciate ligament reconstruction. A prospective randomized study of three surgical methods","Anderson AF, Snyder RB, Lipscomb AB Jr.","Am J Sports Med. 2001 May-Jun;29(3):272-9. doi: 10.1177/03635465010290030201.","Anderson AF","Am J Sports Med","2001","2001/06/08","","","10.1177/03635465010290030201"
"11374431","There are differences in early morbidity after ACL reconstruction when comparing patellar tendon and semitendinosus tendon graft. A prospective randomized study of 107 patients","Eriksson K, Anderberg P, Hamberg P, Olerud P, Wredmark T.","Scand J Med Sci Sports. 2001 Jun;11(3):170-7.","Eriksson K","Scand J Med Sci Sports","2001","2001/05/26","","",""
"11341418","A comparison of quadruple semitendinosus and patellar tendon grafts in reconstruction of the anterior cruciate ligament","Eriksson K, Anderberg P, Hamberg P, Löfgren AC, Bredenberg M, Westman I, Wredmark T.","J Bone Joint Surg Br. 2001 Apr;83(3):348-54. doi: 10.1302/0301-620x.83b3.11685.","Eriksson K","J Bone Joint Surg Br","2001","2001/05/09","","","10.1302/0301-620x.83b3.11685"
"11269585","Preconditioning patellar tendon autografts in arthroscopic anterior cruciate ligament reconstruction: a prospective randomized study","Ejerhed L, Kartus J, Köhler K, Sernert N, Brandsson S, Karlsson J.","Knee Surg Sports Traumatol Arthrosc. 2001;9(1):6-11. doi: 10.1007/s001670000179.","Ejerhed L","Knee Surg Sports Traumatol Arthrosc","2001","2001/03/28","","","10.1007/s001670000179"
"11252459","Is a knee brace advantageous after anterior cruciate ligament surgery? A prospective, randomised study with a two-year follow-up","Brandsson S, Faxén E, Kartus J, Eriksson BI, Karlsson J.","Scand J Med Sci Sports. 2001 Apr;11(2):110-4. doi: 10.1034/j.1600-0838.2001.011002110.x.","Brandsson S","Scand J Med Sci Sports","2001","2001/03/17","","","10.1034/j.1600-0838.2001.011002110.x"
"11098747","[Proprioception after reconstruction of the anterior cruciate ligament. Endoscopic vs. 2 tunnel technique]","Fremerey R, Lobenhoffer P, Skutek M, Zeichen J, Gerich T, Bosch U.","Unfallchirurg. 2000 Oct;103(10):864-70. doi: 10.1007/s001130050634.","Fremerey R","Unfallchirurg","2000","2000/12/01","","","10.1007/s001130050634"
"11032219","Primary anterior cruciate ligament reconstruction using the contralateral autogenous patellar tendon","Shelbourne KD, Urch SE.","Am J Sports Med. 2000 Sep-Oct;28(5):651-8. doi: 10.1177/03635465000280050501.","Shelbourne KD","Am J Sports Med","2000","2000/10/14","","","10.1177/03635465000280050501"
"10925649","[Transplant fixation by anterior cruciate ligament reconstruction. Metal vs. bioabsorbable polyglyconate interference screw. A prospective randomized study of 40 patients]","Hackl W, Fink C, Benedetto KP, Hoser C.","Unfallchirurg. 2000 Jun;103(6):468-74. doi: 10.1007/s001130050567.","Hackl W","Unfallchirurg","2000","2000/08/05","","","10.1007/s001130050567"
"10882444","Bioabsorbable polyglyconate interference screw fixation in anterior cruciate ligament reconstruction: a prospective computed tomography-controlled study","Fink C, Benedetto KP, Hackl W, Hoser C, Freund MC, Rieger M.","Arthroscopy. 2000 Jul-Aug;16(5):491-8. doi: 10.1053/jars.2000.4633.","Fink C","Arthroscopy","2000","2000/07/06","","","10.1053/jars.2000.4633"
"10591941","Bone-patellar tendon-bone reconstruction of the anterior cruciate ligament. A long-term comparison of early and late repair","Järvelä T, Nyyssönen M, Kannus P, Paakkala T, Järvinen M.","Int Orthop. 1999;23(4):227-31. doi: 10.1007/s002640050357.","Järvelä T","Int Orthop","1999","1999/12/11","PMC3619742","","10.1007/s002640050357"
"10530835","Arthroscopic reconstruction of the anterior cruciate ligament with patellar-tendon autograft and interference screw fixation. The results at seven years","Jomha NM, Pinczewski LA, Clingeleffer A, Otto DD.","J Bone Joint Surg Br. 1999 Sep;81(5):775-9. doi: 10.1302/0301-620x.81b5.8644.","Jomha NM","J Bone Joint Surg Br","1999","1999/10/26","","","10.1302/0301-620x.81b5.8644"
"10525698","Bone tunnel enlargement after anterior cruciate ligament reconstruction with the hamstring autograft and endobutton fixation technique. A clinical, radiographic and magnetic resonance imaging study with 2 years follow-up","Jansson KA, Harilainen A, Sandelin J, Karjalainen PT, Aronen HJ, Tallroth K.","Knee Surg Sports Traumatol Arthrosc. 1999;7(5):290-5. doi: 10.1007/s001670050166.","Jansson KA","Knee Surg Sports Traumatol Arthrosc","1999","1999/10/20","","","10.1007/s001670050166"
"10424549","Bioabsorbable interference screws for graft fixation in anterior cruciate ligament reconstruction","McGuire DA, Barber FA, Elrod BF, Paulos LE.","Arthroscopy. 1999 Jul-Aug;15(5):463-73. doi: 10.1053/ar.1999.v15.015046001.","McGuire DA","Arthroscopy","1999","1999/07/29","","","10.1053/ar.1999.v15.015046001"
"10401653","Ultrasound evaluation of gravity induced anterior drawer following anterior cruciate ligament lesion","Gebhard F, Authenrieth M, Strecker W, Kinzl L, Hehl G.","Knee Surg Sports Traumatol Arthrosc. 1999;7(3):166-72. doi: 10.1007/s001670050142.","Gebhard F","Knee Surg Sports Traumatol Arthrosc","1999","1999/07/13","","","10.1007/s001670050142"
"10401652","Analysis of subjective, objective and functional examination tests after anterior cruciate ligament reconstruction. A follow-up of 527 patients","Sernert N, Kartus J, Köhler K, Stener S, Larsson J, Eriksson BI, Karlsson J.","Knee Surg Sports Traumatol Arthrosc. 1999;7(3):160-5. doi: 10.1007/s001670050141.","Sernert N","Knee Surg Sports Traumatol Arthrosc","1999","1999/07/13","","","10.1007/s001670050141"
"9848597","The effect of different graft tensioning in anterior cruciate ligament reconstruction: a prospective randomized study","van Kampen A, Wymenga AB, van der Heide HJ, Bakens HJ.","Arthroscopy. 1998 Nov-Dec;14(8):845-50. doi: 10.1016/s0749-8063(98)70022-2.","van Kampen A","Arthroscopy","1998","1998/12/16","","","10.1016/s0749-8063(98)70022-2"
"9739219","[Endoscopic versus limited open technique for replacement of the anterior cruciate ligament. 4 years outcome of a prospective study]","Gerich TG, Lattermann C, Bosch U, Lobenhoffer HP, Tscherne H.","Unfallchirurg. 1998 Jul;101(7):551-6. doi: 10.1007/s001130050308.","Gerich TG","Unfallchirurg","1998","1998/09/18","","","10.1007/s001130050308"
"9604192","No benefit of bracing on the early outcome after anterior cruciate ligament reconstruction","Muellner T, Alacamlioglu Y, Nikolic A, Schabus R.","Knee Surg Sports Traumatol Arthrosc. 1998;6(2):88-92. doi: 10.1007/s001670050078.","Muellner T","Knee Surg Sports Traumatol Arthrosc","1998","1998/05/30","","","10.1007/s001670050078"
"9604191","Closing patellar tendon defects after anterior cruciate ligament reconstruction: absence of any benefit","Brandsson S, Faxén E, Eriksson BI, Kälebo P, Swärd L, Lundin O, Karlsson J.","Knee Surg Sports Traumatol Arthrosc. 1998;6(2):82-7. doi: 10.1007/s001670050077.","Brandsson S","Knee Surg Sports Traumatol Arthrosc","1998","1998/05/30","","","10.1007/s001670050077"
"9604189","Arthroscopic intra- and extra-articular anterior cruciate ligament reconstruction with gracilis and semitendinosus tendons","Marcacci M, Zaffagnini S, Iacono F, Neri MP, Loreti I, Petitto A.","Knee Surg Sports Traumatol Arthrosc. 1998;6(2):68-75. doi: 10.1007/s001670050075.","Marcacci M","Knee Surg Sports Traumatol Arthrosc","1998","1998/05/30","","","10.1007/s001670050075"
"9533048","The effect of pretwisting the ACL autograft on knee laxity","Diduch DR, Mann J, Geary SP, Scott WN, Huie G.","Am J Knee Surg. 1998 Winter;11(1):15-9.","Diduch DR","Am J Knee Surg","1998","1998/04/09","","",""
"9520889","Home based rehabilitation for anterior cruciate ligament reconstruction","Fischer DA, Tewes DP, Boyd JL, Smith JP, Quick DC.","Clin Orthop Relat Res. 1998 Feb;(347):194-9.","Fischer DA","Clin Orthop Relat Res","1998","1998/04/01","","",""
"9430569","One- versus two-incision technique for anterior cruciate ligament reconstruction with patellar tendon graft. Results on early rehabilitation and stability","Gerich TG, Lattermann C, Fremerey RW, Zeichen J, Lobenhoffer HP.","Knee Surg Sports Traumatol Arthrosc. 1997;5(4):213-6. doi: 10.1007/s001670050052.","Gerich TG","Knee Surg Sports Traumatol Arthrosc","1997","1997/01/01","","","10.1007/s001670050052"
"9377970","[Arthroscopy or arthrotomy in anterior cruciate ligament reconstruction with autogenous bone-tendon-bone-graft]","Witoński D, Kozłowski P.","Chir Narzadow Ruchu Ortop Pol. 1997;62(3):233-8.","Witoński D","Chir Narzadow Ruchu Ortop Pol","1997","1997/01/01","","",""
"9266294","Anterior cruciate ligament reconstruction by mini-arthrotomy","al-Zarahini S, Franceschi JP, Coste J, Zerroug B, al-Sebai W.","Int Orthop. 1997;21(3):161-3. doi: 10.1007/s002640050141.","al-Zarahini S","Int Orthop","1997","1997/01/01","PMC3617678","","10.1007/s002640050141"
"9127846","Use of an extension-assisting brace following anterior cruciate ligament reconstruction","Feller J, Bartlett J, Chapman S, Delahunt M.","Knee Surg Sports Traumatol Arthrosc. 1997;5(1):6-9. doi: 10.1007/s001670050016.","Feller J","Knee Surg Sports Traumatol Arthrosc","1997","1997/01/01","","","10.1007/s001670050016"
"8947399","Proprioception in anterior cruciate ligament-deficient and reconstructed knees","MacDonald PB, Hedden D, Pacin O, Sutherland K.","Am J Sports Med. 1996 Nov-Dec;24(6):774-8. doi: 10.1177/036354659602400612.","MacDonald PB","Am J Sports Med","1996","1996/11/01","","","10.1177/036354659602400612"
"8896099","Anterior cruciate ligament reconstruction with the patellar tendon--augmentation or not? A 2-year follow-up of 82 patients","Thuresson P, Sandberg R, Johansson O, Balkfors B, Westlin N.","Scand J Med Sci Sports. 1996 Aug;6(4):247-54. doi: 10.1111/j.1600-0838.1996.tb00099.x.","Thuresson P","Scand J Med Sci Sports","1996","1996/08/01","","","10.1111/j.1600-0838.1996.tb00099.x"
"8775721","Comparison between two techniques for surgical repair of the acutely torn anterior cruciate ligament. A prospective, randomized follow-up study of 48 patients","Grøntvedt T, Engebretsen L.","Scand J Med Sci Sports. 1995 Dec;5(6):358-63. doi: 10.1111/j.1600-0838.1995.tb00059.x.","Grøntvedt T","Scand J Med Sci Sports","1995","1995/12/01","","","10.1111/j.1600-0838.1995.tb00059.x"
"8534294","Preliminary results of an absorbable interference screw","Barber FA, Elrod BF, McGuire DA, Paulos LE.","Arthroscopy. 1995 Oct;11(5):537-48. doi: 10.1016/0749-8063(95)90129-9.","Barber FA","Arthroscopy","1995","1995/10/01","","","10.1016/0749-8063(95)90129-9"
"7761314","A prospective, randomized comparison of open vs arthroscopically assisted ACL reconstruction","Cameron SE, Wilson W, St Pierre P.","Orthopedics. 1995 Mar;18(3):249-52. doi: 10.3928/0147-7447-19950301-06.","Cameron SE","Orthopedics","1995","1995/03/01","","","10.3928/0147-7447-19950301-06"
"8165955","[The new ""Marburg rehabilitation concept"". ""On the status of exercise equipment within the scope of rehabilitation of patients after surgery of the anterior cruciate ligament""]","Knaepler H, Schenk C.","Aktuelle Traumatol. 1994 Feb;24(1):17-23.","Knaepler H","Aktuelle Traumatol","1994","1994/02/01","","",""
"8403647","Patellar tendon or Leeds-Keio graft in the surgical treatment of anterior cruciate ligament ruptures. Intermediate results","Engström B, Wredmark T, Westblad P.","Clin Orthop Relat Res. 1993 Oct;(295):190-7.","Engström B","Clin Orthop Relat Res","1993","1993/10/01","","",""
"1558237","The efficacy of continuous passive motion in the rehabilitation of anterior cruciate ligament reconstructions","Rosen MA, Jackson DW, Atwell EA.","Am J Sports Med. 1992 Mar-Apr;20(2):122-7. doi: 10.1177/036354659202000205.","Rosen MA","Am J Sports Med","1992","1992/03/01","","","10.1177/036354659202000205"
"2009118","Continuous passive motion after arthroscopically assisted anterior cruciate ligament reconstruction: comparison of short- versus long-term use","Richmond JC, Gladstone J, MacGillivray J.","Arthroscopy. 1991;7(1):39-44. doi: 10.1016/0749-8063(91)90076-a.","Richmond JC","Arthroscopy","1991","1991/01/01","","","10.1016/0749-8063(91)90076-a"
"2285086","A prospective, randomized study of three surgical techniques for treatment of acute ruptures of the anterior cruciate ligament","Engebretsen L, Benum P, Fasting O, Mølster A, Strand T.","Am J Sports Med. 1990 Nov-Dec;18(6):585-90. doi: 10.1177/036354659001800605.","Engebretsen L","Am J Sports Med","1990","1990/11/01","","","10.1177/036354659001800605"
"2323135","Arthroscopic evaluation of anterior cruciate ligament reconstruction using a free patellar tendon autograft. A prospective, randomized study","Kohn D.","Clin Orthop Relat Res. 1990 May;(254):220-4.","Kohn D","Clin Orthop Relat Res","1990","1990/05/01","","",""
